FSV,M,g,l,max_delta,max_ll,max_mu_hat,max_s2_t_hat,model,n,s2_FSV,s2_logdelta,time,BIC,max_ll_null,LLR,pval,qval
0.33996919828904326,4,sim_g005,51.34109617198996,1.862304005563329,-929.6853560431167,-16.01881963617602,15.271439085868188,SE,441,0.0002474878051400722,0.0055051575843678095,0.0008759498596191406,1883.7268915880209,-983.0877622919951,53.40240624887838,2.717825964282383e-13,7.948641744803808e-11
0.31286916746181115,4,sim_g087,51.34109617198996,2.1066996110204075,-817.2716134228729,-10.936646110266272,7.141630244448879,SE,441,0.00018870111876334152,0.004498084142367405,0.0008561611175537109,1658.8994063475332,-869.3623120818568,52.09069865898391,5.299094496535872e-13,7.948641744803808e-11
0.2989307666731937,4,sim_g101,51.34109617198996,2.249656639037524,-917.3936524912308,-29.263515253277383,45.512039012851815,SE,441,0.0002212235449030068,0.005496389214428824,0.0003750324249267578,1859.143484484249,-960.8815695719558,43.48791708072497,4.265854336438224e-11,4.265854336438224e-09
0.3174726231835653,4,sim_g059,51.34109617198996,2.0622425377541855,-1059.4961706628976,-26.45448525339909,39.32409911341209,SE,441,0.00015738245482108462,0.003703920507237109,0.0009357929229736328,2143.3485208275824,-1102.1973099497245,42.7011392868269,6.377509631505518e-11,4.7831322236291385e-09
0.3241574100735797,4,sim_g128,51.34109617198996,1.9999334665589537,-917.712213831955,-25.164618538353146,34.69391742021288,SE,441,0.00024570581600314557,0.005680650426371516,0.0003650188446044922,1859.7806071656973,-958.860215291032,41.14800145907702,1.4112744306515879e-10,8.118496351374103e-09
0.3516520353331719,4,sim_g141,51.34109617198996,1.7685647375825682,-892.9310627941511,-12.769529904015323,10.185210515099243,SE,441,0.00027977862930661274,0.006066302089247228,0.0011448860168457031,1810.2183050900896,-933.6622415833751,40.73117878922403,1.7467771673551624e-10,8.118496351374103e-09
0.30445099047880153,4,sim_g095,51.34109617198996,2.1914738382227013,-972.7199075542687,-11.936049393578074,9.167638229327077,SE,441,0.00023177463211119384,0.005661946479596413,0.0004482269287109375,1969.795994610325,-1013.2926424399386,40.57273488566989,1.894315815320624e-10,8.118496351374103e-09
0.4350193908169501,4,sim_g050,51.34109617198996,1.2458073014983169,-1073.7738585930285,-24.140358152247984,36.82832934869871,SE,441,0.00022372846958045825,0.004304613836807368,0.0003120899200439453,2171.9038966878443,-1112.4478158209276,38.67395722789911,5.00847252560277e-10,1.8781771971010386e-08
0.2510834891380285,4,sim_g038,51.34109617198996,2.8611537450032323,-998.4459305525202,-9.847701319879029,6.408925187998671,SE,441,0.0002570825924649495,0.0076343649965369105,0.00036025047302246094,2021.2480406068278,-1032.3719057238816,33.925975171361415,5.724925644656764e-09,1.9083085482189213e-07
0.17242519189918265,4,sim_g000,88.52913860950083,4.255772774103194,-1010.8831422958892,-23.0913559171365,12.415561630554475,SE,441,0.00041446252799674126,0.0196607888993348,0.0019168853759765625,2046.122464093566,-1043.5183773751546,32.635235079265385,1.1118080234240324e-08,3.335424070272097e-07
0.4429393065322976,4,sim_g067,51.34109617198996,1.2063803074110586,-1086.5506269133941,-23.126242448149902,34.68139116800053,SE,441,0.0002448301093930985,0.004681532649164995,0.00032591819763183594,2197.4574333285755,-1117.7610967902792,31.2104698768851,2.3151406680632647e-08,6.314020003808903e-07
0.2963054306209471,4,sim_g022,51.34109617198996,2.278088194525342,-880.8112323142215,-23.996348047134116,30.775248963335628,SE,441,0.00028063897762638755,0.007030602245444345,0.0004329681396484375,1785.9786441302304,-911.4508100128259,30.6395776986044,3.1069102623959566e-08,7.767275655989891e-07
0.242123417788551,4,sim_g019,51.34109617198996,3.0025319496680463,-1087.647000744338,-21.53100160517434,25.117195257375126,SE,441,0.00024456148523591223,0.007564080227511135,0.00036907196044921875,2199.650180990463,-1117.5040877515157,29.857087007177824,4.6509370021929897e-08,1.0185096765980006e-06
0.257817281273191,4,sim_g120,51.34109617198996,2.761370994336894,-1080.6926593648336,-13.962840437943582,12.126778808041227,SE,441,0.0002641879303998191,0.007621799165116581,0.0009577274322509766,2185.7414982314544,-1110.5076422106163,29.81498284578265,4.753045157457336e-08,1.0185096765980006e-06
0.41416691350145896,4,sim_g111,29.774469711813495,1.396094142032213,-1010.063688021833,-15.877876524577973,35.1860060692935,SE,441,0.00023539495856280817,0.004622222865949193,0.00036716461181640625,2044.4835555454533,-1037.1128302164516,27.04914219461864,1.9834822539976926e-07,3.966964507995385e-06
0.34210503660984454,4,sim_g007,29.774469711813495,1.898074715190211,-1091.6711013612608,3.3583793325037794,4.514878062844084,SE,441,0.00020272398651885695,0.004487572835034819,0.0011639595031738281,2207.6983822243087,-1118.5665044787047,26.895403117443948,2.147690991716189e-07,4.0269206094678545e-06
0.37885852321352975,4,sim_g137,29.774469711813495,1.6181906168063134,-823.9749435491688,-9.51354355324818,12.359141996553715,SE,441,0.00022655679277111432,0.004670038913179825,0.0003561973571777344,1672.306066600125,-850.6964299836869,26.72148643451817,2.3499385504166526e-07,4.14695038308821e-06
0.2079619662520992,4,sim_g004,88.52913860950083,3.377022932842978,-1104.736725764586,-1.582948044805144,2.3995573070946348,SE,441,0.0006095803481406416,0.022610218922974122,0.0008749961853027344,2233.8296310309593,-1130.4740946992524,25.737368934666392,3.911788091226498e-07,6.51964681871083e-06
0.24126447878372942,4,sim_g065,51.34109617198996,3.016636462441095,-1003.8487542980522,-19.78532306937649,20.819811811497413,SE,441,0.0002947405767561033,0.009152965421153387,0.0008580684661865234,2032.0536880978918,-1029.2245284371406,25.375774139088435,4.718061372699367e-07,7.4495705884726844e-06
0.21361336191216343,4,sim_g082,51.34109617198996,3.5312922040111965,-1051.348399973254,-10.650703601275177,7.098324948868374,SE,441,0.0002941638988574285,0.010553731468739327,0.00036406517028808594,2127.052979448295,-1075.8371669873118,24.488767014057885,7.474433230125754e-07,1.1211649845188632e-05
0.20902432194265624,4,sim_g149,51.34109617198996,3.629879861387835,-891.9429923271923,-14.688533777894033,11.049410759034906,SE,441,0.00028076723600801165,0.010347983963766726,0.001302957534790039,1808.242164156172,-915.6148755687094,23.671883241517094,1.142394391528967e-06,1.631991987898524e-05
0.22090367748755377,4,sim_g109,51.34109617198996,3.3830946921307987,-944.3109069583822,-20.436196912458186,21.19793108943961,SE,441,0.0003683516278209375,0.012685369503052655,0.0003619194030761719,1912.977993418552,-967.845291507624,23.534384549241736,1.2270121716451143e-06,1.6731984158797015e-05
0.3875447578950456,4,sim_g142,29.774469711813495,1.5597992232334323,-770.9092447149796,-28.804010016169055,105.24599708484125,SE,441,0.0003522621280031825,0.007162676981800917,0.0003719329833984375,1566.1746689317467,-793.9929343156716,23.08368960069197,1.551008352196348e-06,2.023054372430019e-05
0.2538289872453554,4,sim_g098,51.34109617198996,2.8198311371590563,-943.5406015576662,-27.9781844145698,40.22404382957404,SE,441,0.0002663625578590779,0.007815946646841657,0.0003781318664550781,1911.4373826171197,-966.3085013993838,22.76789984171762,1.8279356688299941e-06,2.2849195860374927e-05
0.3035090327881029,4,sim_g097,29.774469711813495,2.2649576084404623,-930.7125416991883,-17.773974938336792,37.667555073610785,SE,441,0.00022940578609256178,0.005620008500746852,0.0010981559753417969,1885.781262900164,-953.2171188188464,22.504577119658165,2.0964346985063997e-06,2.5157216382076797e-05
0.21950970117192406,4,sim_g026,51.34109617198996,3.4106702734016356,-873.6775073813064,-17.324645091543704,15.21406786743754,SE,441,0.0002229613305614172,0.00773740947056648,0.0012640953063964844,1771.7111942644003,-895.9223187625975,22.244811381291015,2.400064634255905e-06,2.769305347218352e-05
0.2276576899119219,4,sim_g139,51.34109617198996,3.2542689865086403,-891.5197732431202,-14.346145927365468,10.864314792078657,SE,441,0.00034823838812954224,0.011568481948189891,0.0008530616760253906,1807.3957259880278,-913.5797985946206,22.06002535150037,2.6425588868228544e-06,2.876628868680215e-05
0.28744052564686284,4,sim_g132,51.34109617198996,2.377929998691226,-1033.7973120937868,-10.652977569058391,8.007591727341746,SE,441,0.0003116639664627522,0.008038914517344809,0.0003600120544433594,2091.950803689361,-1055.8268592687891,22.029547175002335,2.684853610768201e-06,2.876628868680215e-05
0.24286095998718749,4,sim_g037,51.34109617198996,2.9905004901064554,-938.9403263315394,-18.624368521339097,18.263501189413034,SE,441,0.000378020095198078,0.01165160019155991,0.0003662109375,1902.2368321648662,-960.689228952593,21.748902621053617,3.1076757571746327e-06,3.2148369901806543e-05
0.2656465767282814,4,sim_g036,51.34109617198996,2.651714999452358,-1089.5145031680931,-23.235981383495158,29.72491281226233,SE,441,0.0002942718234893056,0.008222986236539885,0.0003750324249267578,2203.3851858379735,-1111.1187429170277,21.60423974893456,3.3511024717380877e-06,3.351102471738088e-05
0.18334718015081578,4,sim_g016,51.34109617198996,4.272569896540993,-850.3974609175232,-12.685754017259521,7.958959424017172,SE,441,0.0003645308010539494,0.01591369124304818,0.00036716461181640625,1725.1511013368338,-870.435869932276,20.0384090147528,7.590219455844149e-06,7.345373666945951e-05
0.21869813984298622,4,sim_g078,51.34109617198996,3.4268864506311187,-800.1411816804424,-15.303564956557453,11.809458515981278,SE,441,0.00029054689879210436,0.010128242975042943,0.0003619194030761719,1624.6385428626722,-819.9280560320088,19.78687435156644,8.657516635479645e-06,8.116421845762167e-05
0.20442673844764506,4,sim_g119,51.34109617198996,3.733089687719104,-1002.2966177890899,-22.622900832771258,25.467684932429844,SE,441,0.0003173741549388165,0.012028335025524875,0.0013911724090576172,2028.9494150799671,-1021.9707182426743,19.6741004535844,9.18376729985848e-06,8.34887936350771e-05
0.3044381198473085,4,sim_g009,29.774469711813495,2.2550332607835917,-1088.9165843863786,-12.579190741813203,20.948369347865565,SE,441,0.0002916524912315816,0.00712495845955257,0.0010807514190673828,2202.1893482745445,-1108.2900339703901,19.373449584011496,1.0749114534469584e-05,9.484512824531986e-05
0.14429209451008138,4,sim_g083,88.52913860950083,5.258415441233334,-1067.3964123312824,-28.590305658805768,17.93471808872665,SE,441,0.0004739570171090996,0.02895269512191065,0.0010781288146972656,2159.149004164352,-1086.176442563788,18.780030232505624,1.46695118753426e-05,0.00012573867321722228
0.2064151415958165,4,sim_g145,51.34109617198996,3.6878883658238077,-985.9685993737467,-21.035405458342606,22.165253978346684,SE,441,0.00031036776883008383,0.01162024428619919,0.0008339881896972656,1996.2933782492807,-1004.0579767054896,18.08937733174298,2.1077405029545915e-05,0.00017564504191288263
0.12273773271816714,4,sim_g032,88.52913860950083,6.3375768889764865,-813.02679119911,-15.631801160913033,5.169205311535267,SE,441,0.00045550039637278086,0.035490901053872446,0.0006699562072753906,1650.4097619000074,-830.8454501383709,17.8186589392609,2.4298866964200805e-05,0.0001970178402502768
0.1257096540166245,4,sim_g093,88.52913860950083,6.166786878692446,-899.6144629441956,-8.336036779507854,1.9005915280699368,SE,441,0.0005553978595351164,0.04171415498325011,0.0003650188446044922,1823.5851053901786,-917.3617956412972,17.747332697101683,2.5227094163415842e-05,0.0001991612697111777
0.15462029115020445,4,sim_g024,51.34109617198996,5.244586805408413,-1094.9976390509141,-25.009297916520485,28.7887920719132,SE,441,0.0002524155656842739,0.013949815064374338,0.0011849403381347656,2214.3514576036155,-1112.6556477028334,17.658008651919317,2.643996199291898e-05,0.0002033843230224537
0.2159277193076155,4,sim_g084,51.34109617198996,3.483161794335489,-1021.2019948242241,-19.57972412544157,19.85170286969504,SE,441,0.00044594811055162416,0.015788970211051925,0.0009989738464355469,2066.7601691502355,-1038.757237034475,17.55524221025098,2.7908032292245366e-05,0.00020931024219184025
0.19910265534420335,4,sim_g127,51.34109617198996,3.858564345311013,-897.6992899637623,-9.797577955087228,5.277661023009244,SE,441,0.00037071910486734065,0.014529708942111719,0.0003662109375,1819.7547594293121,-915.0717101814652,17.372420217702825,3.0725221227489996e-05,0.0002248186919084634
0.10317760365148872,4,sim_g135,152.65370175746375,6.278576456888855,-904.5609328102131,-21.6865255830432,5.071771685399216,SE,441,0.0007355490162726561,0.07533333215547973,0.0008111000061035156,1833.4780451222136,-921.7152042639341,17.15427145372098,3.446335457424343e-05,0.0002461668183874531
0.2719040789240082,4,sim_g094,29.774469711813495,2.64295084379312,-726.7081801922691,-9.506251491224432,10.407794379376845,SE,441,0.0002548177855304019,0.006949771104668933,0.0010669231414794922,1477.7725398863256,-743.7614261659832,17.05324597371407,3.634619379400128e-05,0.00025357809623721824
0.1713215798196375,4,sim_g025,51.34109617198996,4.639806875245849,-934.2216618958948,-12.458704658567541,7.766089653681129,SE,441,0.00033343184613537897,0.015956980608182406,0.0008618831634521484,1892.7995032935771,-950.8650581118625,16.64339621596764,4.5107075518080464e-05,0.0003075482421687304
0.13917206536138865,4,sim_g049,51.34109617198996,5.933216893907558,-1113.3232468285767,-20.62573410795215,19.397168506079314,SE,441,0.0002907268507250115,0.01873170335727775,0.00036406517028808594,2251.0026731589405,-1129.7841898842707,16.460943055694088,4.966268463379997e-05,0.0003310845642253331
0.22149326471510863,4,sim_g090,51.34109617198996,3.3715359508896374,-1064.8679615595192,-26.88482683001498,36.711658825417956,SE,441,0.0003304557519802392,0.011343772744134032,0.0011410713195800781,2154.0921026208257,-1081.2333918064896,16.36543024697039,5.2229199529962855e-05,0.0003406252143258447
0.14920711620726174,4,sim_g008,88.52913860950083,5.055989926158294,-703.1517259330313,-11.957376587860738,3.1856283178394698,SE,441,0.0005993247611111181,0.03486626986555426,0.00138092041015625,1430.6596313678501,-719.4483759505208,16.29665001748947,5.4159614689464064e-05,0.0003456996682306217
0.09706842677115246,4,sim_g040,88.52913860950083,8.248001599020897,-793.7467903435295,-14.189539956465374,4.033680475686989,SE,441,0.00028070730414087985,0.03173575030317597,0.0005269050598144531,1611.8497601888464,-808.6670966817503,14.920306338220826,0.00011214930548564261,0.0007009331592852663
0.12896195079370895,4,sim_g062,88.52913860950083,5.988904949238808,-1102.2401041968892,-16.97499967140329,7.090042206137316,SE,441,0.0005161297955286089,0.03728464194115989,0.00121307373046875,2228.8363878955656,-1116.9720960286486,14.731991831759387,0.000123925542482195,0.0007587278111154796
0.24187373533657167,4,sim_g073,29.774469711813495,3.093634778451855,-759.7749357579454,-12.473419616992217,16.754687217057935,SE,441,0.0002923491578001628,0.009052710136214689,0.00048089027404785156,1543.9060510176782,-774.398146255961,14.623210498015624,0.0001312875774949207,0.0007877254649695242
0.17319726791135603,4,sim_g051,88.52913860950083,4.232848785052117,-1089.099873393839,-12.369683694877358,4.975898724795139,SE,441,0.0007394724461882072,0.034864250391332674,0.002168893814086914,2202.5559262894653,-1103.4812022653534,14.38132887151437,0.00014927512788809327,0.0008780889875770193
0.11730207848233816,4,sim_g096,88.52913860950083,6.672341782165728,-928.8382839193225,-28.464131618632905,16.413035049568915,SE,441,0.0005137154355569824,0.04293724673532696,0.0004563331604003906,1882.0327473404325,-943.104035693497,14.265751774174532,0.00015872681093997976,0.0009157316015768063
0.148367141362463,4,sim_g114,51.34109617198996,5.506056019373646,-1100.087472029346,-16.23906806521556,12.787974159401319,SE,441,0.0003741412636855107,0.021945022995420078,0.0008919239044189453,2224.531123560479,-1114.2210178360936,14.133545806747634,0.0001702799272628175,0.0009638486448838725
0.13210849021793927,4,sim_g134,88.52913860950083,5.825143096886166,-1073.7374231230408,-0.9700849266943858,1.2327564834705493,SE,441,0.0006438767576358693,0.044846825549192254,0.0008628368377685547,2171.831025747869,-1087.7548557313623,14.017432608321542,0.00018112361090660833,0.0009802226188166635
0.19382281642945548,4,sim_g129,51.34109617198996,3.989803875124282,-928.7926214115919,-27.1311490314917,35.177940369110466,SE,441,0.00035411426986332493,0.014368487230449903,0.00041484832763671875,1881.9414223249712,-942.7919496438312,13.99932823223935,0.00018287595836719017,0.0009802226188166635
0.16906218981106147,4,sim_g147,51.34109617198996,4.714633919178433,-808.8415130809697,-13.839384722938583,9.030299535801708,SE,441,0.00033388880290387995,0.01627393754184715,0.0010199546813964844,1642.0392056637268,-822.8398244305433,13.998311349573669,0.00018297488884577717,0.0009802226188166635
0.27029488979558536,4,sim_g138,29.774469711813495,2.6645615889786627,-1093.5254741355304,-29.987105927739577,101.13721793243332,SE,441,0.0002872904190581735,0.007883660283727102,0.00041484832763671875,2211.407127772848,-1107.2398964341005,13.71442229857007,0.00021281394193584102,0.0011200733786096897
0.1809540976993683,4,sim_g003,51.34109617198996,4.341759517303837,-1103.0547361184838,-17.9176086378937,16.45120950166802,SE,441,0.0005103677786419899,0.022675385873392115,0.0008599758148193359,2230.465651738755,-1115.89135683184,12.836620713356297,0.00033990091998126193,0.0017581082067996306
0.1703700839618114,4,sim_g143,51.34109617198996,4.671076843421226,-1097.203371824392,-16.355830086805607,13.64081346755211,SE,441,0.0003821502746323579,0.01842919607455064,0.0014579296112060547,2218.762923150571,-1109.54671550666,12.343343682267914,0.0004425616288630252,0.002250313367100128
0.15999407162744736,4,sim_g100,51.34109617198996,5.036216662788646,-959.9920186585375,-8.059388727007688,3.672841141207484,SE,441,0.00039184965152572936,0.02062877066183649,0.0011467933654785156,1944.3402168188625,-971.9907791666061,11.998760508068585,0.000532359455251763,0.002661797276258815
0.11118278367150465,4,sim_g002,88.52913860950083,7.088376921763637,-733.1791318168383,-14.296074009601526,4.17285396141931,SE,441,0.0005769599245569999,0.05245414641745206,0.0012500286102294922,1490.714443135464,-744.5751357253444,11.396003908506032,0.0007360226229278233,0.003603328886245529
0.5104462246794874,4,sim_g012,17.267240334135195,0.9560583385442362,-1101.5616669688702,-14.964503379157419,72.69529067473049,SE,441,0.0017696793816601674,0.03317024233638481,0.0002582073211669922,2227.4795134395276,-1112.9359292215777,11.374262252707467,0.000744687969824076,0.003603328886245529
0.2099927229297341,4,sim_g006,51.34109617198996,3.6087167216100333,-832.9656182210806,-9.25196831927185,4.68433067103904,SE,441,0.0003957445470849019,0.014501848466856725,0.00096893310546875,1690.2874159439486,-843.6181584579754,10.652540236894765,0.0010991983200921984,0.005234277714724754
0.10710491040250648,4,sim_g011,88.52913860950083,7.392016715124531,-1051.1312500017812,-16.317752314280526,5.989571194225805,SE,441,0.0005960717382938192,0.057503323359390596,0.0004780292510986328,2126.6186795053495,-1061.5182947611793,10.387044759398123,0.0012690257271135152,0.005948558095844603
0.1408654840334432,4,sim_g060,51.34109617198996,5.850359050579124,-863.946847473591,-12.847784697188573,7.468726347640298,SE,441,0.000440130635152525,0.02785455633364334,0.003701925277709961,1752.2498744489694,-874.2976125420568,10.350765068465762,0.0012942103454598453,0.0059732785175069785
0.12394010249375173,4,sim_g089,88.52913860950083,6.267492709819605,-993.2214109880599,-19.499734769976946,8.309332477819607,SE,441,0.0009390661720999154,0.07207970028686386,0.0008671283721923828,2010.7990014779073,-1003.3554561679888,10.134045179928876,0.0014555562184176418,0.006553778262771165
0.1252824673740022,4,sim_g106,88.52913860950083,6.190837739417218,-1019.2505701079278,-17.671061371122395,7.086017112575429,SE,441,0.0007164338761954799,0.054090128903965265,0.001191854476928711,2062.857319717643,-1029.3743601150763,10.1237900071485,0.0014636771453522268,0.006553778262771165
0.4856572319326044,4,sim_g110,17.267240334135195,1.0557394816748076,-1089.566814336681,-27.03437188135823,219.66307819037755,SE,441,0.0020610579282295707,0.03865524050642901,0.0002548694610595703,2203.4898081751494,-1099.2330117665583,9.66619742987723,0.0018768938803869206,0.008239083480302122
0.13455842219696176,4,sim_g015,51.34109617198996,6.169540436569794,-1083.7753262491851,-36.167929932476284,55.96008090255555,SE,441,0.0004494295516005694,0.030450301881021442,0.0010323524475097656,2191.9068320001575,-1093.4238974835866,9.648571234401516,0.001894989200469488,0.008239083480302122
0.13564528046509175,4,sim_g048,88.52913860950083,5.65013998351145,-1054.22956071491,-19.15621978141831,8.528840907932986,SE,441,0.0008943862561526213,0.059871897494539986,0.0009238719940185547,2132.815300931607,-1063.3786092725932,9.149048557683273,0.002488474260989748,0.010554630564499227
0.1437970252079,4,sim_g066,51.34109617198996,5.711534124791757,-884.6818123263013,-9.34444140514274,4.243708057816144,SE,441,0.0004606758619607213,0.02828363053740233,0.0043070316314697266,1793.71980415439,-893.8239219491777,9.142109622876433,0.0024979292335981507,0.010554630564499227
0.07371527133255655,4,sim_g035,88.52913860950083,11.141891462360498,-1051.096433790711,-21.21238701370048,8.523234695654898,SE,441,0.0004298299584348504,0.07702113406900157,0.0008449554443359375,2126.549047083209,-1059.8050620840966,8.708628293385573,0.0031670742634232196,0.013196142764263416
0.4755373724454672,4,sim_g043,17.267240334135195,1.0994206206617063,-956.1866961832538,-32.19586564726432,303.92866207987595,SE,441,0.002501983994396356,0.047041139560638004,0.0006890296936035156,1936.7295718682951,-964.703119429013,8.516423245759142,0.003519555543194386,0.014463926889839942
0.09270889449300568,4,sim_g144,88.52913860950083,8.677550282379903,-1092.5408999426943,-20.08087849352221,8.414450784308592,SE,441,0.0007057950418304581,0.08603103729095403,0.0008051395416259766,2209.437979387176,-1100.7825249382047,8.241624995510392,0.004094046272692609,0.01659748488929436
0.06870826825898767,4,sim_g092,88.52913860950083,12.01845474461656,-1077.6543426028645,-18.885695563985415,6.792393295659413,SE,441,0.00038355189138557195,0.07758402603670381,0.0009992122650146484,2179.6648647075162,-1085.4898329883663,7.835490385501771,0.005123025321983943,0.02049210128793577
0.12233829523970241,4,sim_g123,51.34109617198996,6.881619722751992,-967.6157627278787,-23.27943048315656,22.610888753151556,SE,441,0.0005827381062187694,0.04563340698141893,0.0010669231414794922,1959.587704957545,-975.3025658695123,7.686803141633504,0.005562607407108011,0.021957660817531623
0.09864926570695,4,sim_g064,88.52913860950083,8.101619603246919,-815.8826480985213,-0.2974480861393699,0.2764827307417872,SE,441,0.0006519137916552529,0.07179101547715507,0.002454042434692383,1656.12147569883,-823.514076785468,7.63142868694672,0.005735984821345186,0.02234799281043579
0.07845891438406492,4,sim_g034,88.52913860950083,10.41464079785279,-1108.9684469527695,-18.49441665975065,6.9424521885660955,SE,441,0.0005415235660025021,0.08724602853398135,0.0008530616760253906,2242.293073407326,-1116.3046575358258,7.3362105830563,0.0067579151257759484,0.02590245602524219
0.12351854958028771,4,sim_g077,88.52913860950083,6.291909015237551,-1049.0154859850206,-18.1452782529885,7.518620122358952,SE,441,0.0011707278784578795,0.09033300475872995,0.0018329620361328125,2122.3871514718285,-1056.3350014192627,7.319515434242021,0.00682098008664711,0.02590245602524219
0.07641718119124973,4,sim_g102,88.52913860950083,10.716592560213213,-1103.3601730851146,-14.459842079445366,4.494204583139581,SE,441,0.00043268929697009873,0.07290781036458185,0.003229856491088867,2231.0765256720165,-1110.4833892879115,7.123216202796812,0.007609208234096609,0.028406711335152768
0.08033216909246456,4,sim_g076,88.52913860950083,10.151106628874418,-1061.6156286235262,-18.501275710570415,6.8413781469667425,SE,441,0.0007006547847778062,0.10846327735794818,0.0019910335540771484,2147.5874367488395,-1068.7069148405553,7.091286217029165,0.0077459635291231566,0.028406711335152768
0.07872235292263167,4,sim_g018,88.52913860950083,10.376821728677305,-996.1224114965373,-10.382096116316832,2.4228215688879415,SE,441,0.0005277617053252619,0.0845467990506134,0.0009250640869140625,2016.601002494862,-1003.2094139287545,7.0870024322172185,0.0077645010982750895,0.028406711335152768
0.0777047145727436,4,sim_g045,88.52913860950083,10.524331203658422,-1036.9030674960013,-30.108438971061997,16.782599186310005,SE,441,0.0005461837647950555,0.08945188432170788,0.0036840438842773438,2098.16231449379,-1043.9361279276902,7.033060431688909,0.008001848857268956,0.02892234526723719
0.10142137368918364,4,sim_g001,88.52913860950083,7.855945892378307,-954.9984371061976,0.07311865788290585,0.5320708834374365,SE,441,0.000866406940335504,0.09122455427038476,0.0041351318359375,1934.3530537141826,-961.9517224557226,6.953285349525004,0.008366544676320364,0.02979172974218817
0.09882730543495666,4,sim_g122,88.52913860950083,8.085426950638736,-1112.1698821283112,-7.263745349067358,2.0523327412175703,SE,441,0.0007430596683122278,0.08158905908723293,0.0024089813232421875,2248.6959437584096,-1119.1073207352756,6.937438606964406,0.008440990093619982,0.02979172974218817
0.38633850557385413,4,sim_g058,17.267240334135195,1.5834153962200685,-1014.6081624411124,-31.771064133538722,259.43506522009426,SE,441,0.0022085329696481214,0.04498910994216113,0.000885009765625,2053.572504384012,-1021.4626245252888,6.854462084176362,0.00884201725532685,0.03084424623951227
0.07486398979630196,4,sim_g063,88.52913860950083,10.957324037655546,-768.8024932222686,-15.409519950896156,4.3702395039420185,SE,441,0.0004906339807277534,0.08562020574313699,0.0022530555725097656,1561.9611659463246,-775.3826368793573,6.5801436570886835,0.010312256959746358,0.03555950675774606
0.39476231667682404,4,sim_g041,17.267240334135195,1.5283550521811626,-1102.0404479531462,-20.74730692195381,114.74749229160159,SE,441,0.002336714752022666,0.04701776296894391,0.0010089874267578125,2228.4370754080796,-1108.4864134748827,6.445965521736525,0.011120458806819888,0.03791065502324962
0.1568212991546716,4,sim_g075,88.52913860950083,4.767453524523314,-1093.7520333542143,-23.37889574551028,12.894145973956265,SE,441,0.0019356506593378327,0.10483774888340323,0.0008769035339355469,2211.860246210216,-1100.1704010555238,6.418367701309535,0.011294592873024256,0.038071661369744686
0.08146262067250937,4,sim_g118,88.52913860950083,9.997935828392022,-839.4203713376121,-11.115610192445619,2.48341884328953,SE,441,0.0005057674447612739,0.07646931559309299,0.005934953689575195,1703.1969221770116,-845.7464026704095,6.326031332797356,0.011897827350048518,0.03965942450016172
0.11290805260330143,4,sim_g031,51.34109617198996,7.536499336278531,-1089.4078354564467,-24.56657055709444,24.799897226403708,SE,441,0.0006196954434782462,0.05498764629136526,0.00290679931640625,2203.1718504146806,-1095.3196313112678,5.911795854821094,0.015039832071451209,0.04958186397181718
0.04717338330597009,4,sim_g116,152.65370175746375,14.590058525226949,-732.0610172708417,-17.40211710026611,2.6741295940508736,SE,441,0.0006241261261105386,0.2460530298114227,0.0011398792266845703,1488.4782140434709,-737.7458466838254,5.684829412983731,0.017112203048212593,0.05580066211373672
0.3195767440145729,4,sim_g021,17.267240334135195,2.1224524374294083,-912.5226981144666,-25.66261224136305,148.52770208781513,SE,441,0.0023980824265463327,0.05611727286173094,0.0007600784301757812,1849.4015757307207,-918.1591327751083,5.636434660641726,0.01759094399772665,0.0567449806378279
0.06593100911188908,4,sim_g069,88.52913860950083,12.562067411977264,-862.7175627870993,-16.904347733914072,5.116800161796343,SE,441,0.0006471585764004762,0.14063338234200115,0.0024099349975585938,1749.791305075986,-868.2676546639502,5.550091876850956,0.0184797169186105,0.05897781995301224
0.08314579079906964,4,sim_g121,88.52913860950083,9.77759181430775,-1090.3285848843836,-25.15628034061055,12.292937857602544,SE,441,0.0007271371604873643,0.10622041062162654,0.0029370784759521484,2205.0133492705545,-1095.5135234843435,5.184938599959878,0.02278347733656516,0.07194782316810051
0.11204160700631773,4,sim_g074,51.34109617198996,7.602198977532314,-1107.94701888713,-18.48573194302446,14.514104632811245,SE,441,0.000745334684588521,0.0669437135366348,0.0012331008911132812,2240.2502172760474,-1112.989186294049,5.042167406918907,0.024737520724123163,0.07730475226288488
0.0595275374664507,4,sim_g023,88.52913860950083,14.008771600160825,-1080.9349135779032,-22.879919766988234,9.252992474217326,SE,441,0.0004887878247612793,0.1270694724485612,0.002077341079711914,2186.2260066575936,-1085.9080379491907,4.97312437128744,0.025744103298299348,0.07962093803597736
0.3266561779572336,4,sim_g112,17.267240334135195,2.0548493585829517,-963.6535461699938,-27.456765808965844,172.80746532424294,SE,441,0.0024524777849234984,0.05633780351422184,0.0003559589385986328,1951.663271841775,-968.5079657678517,4.854419597857941,0.027575389949580864,0.08441445902932918
0.3049930218692027,4,sim_g033,17.267240334135195,2.2716072588324923,-979.9234110972377,-16.192078055712752,58.29374901629953,SE,441,0.0016094272072002145,0.03925235100069388,0.0004730224609375,1984.2030016962628,-984.6742999719187,4.750888874680982,0.029283164451412547,0.08873686197397741
0.06991014623767038,4,sim_g030,88.52913860950083,11.79659267873999,-886.4255018577959,-15.831470707796525,4.623644032411803,SE,441,0.0007772137675820787,0.15256702971458458,0.0020170211791992188,1797.2071832173792,-890.9916149918415,4.566113134045622,0.03261047540129025,0.09783142620387075
0.36106447131933456,4,sim_g070,17.267240334135195,1.764031223155451,-1096.0702086848582,-16.61226085636549,70.29635867262931,SE,441,0.0037023308994885177,0.07877456731660266,0.0012559890747070312,2216.4965968715037,-1100.3135982318113,4.24338954695304,0.03940342442079037,0.11703987451719912
0.2779188408758386,4,sim_g027,17.267240334135195,2.590013389236286,-850.9961372174164,-22.049812595557267,99.18341187795335,SE,441,0.003799469682391409,0.1013361222813196,0.0008392333984375,1726.3484539366202,-855.0467173365818,4.0505801191653745,0.0441561682937851,0.12987108321701502
0.3340842046664278,4,sim_g014,17.267240334135195,1.9869976757824295,-893.3537030548435,-19.87406105752233,92.29650431387412,SE,441,0.002606406351628989,0.05878396001261348,0.0009200572967529297,1811.0635856114745,-897.3753139717951,4.021610916951545,0.044920787590778555,0.1308372454100346
0.05774585587962715,4,sim_g013,88.52913860950083,14.468353842683314,-999.2291502217978,-12.51451572217959,2.944704521148088,SE,441,0.0005227010977987215,0.1433919147943131,0.0010340213775634766,2022.814479945383,-1002.9032478909382,3.674097669140451,0.05526415953908326,0.15941584482427862
0.27498836422988077,4,sim_g044,17.267240334135195,2.628237724617166,-767.6672257603346,-17.323936978913867,60.80229016359938,SE,441,0.002594299062392927,0.0699415572375134,0.0011658668518066406,1559.6906310224567,-771.3132435563441,3.6460177960094597,0.056203441789922426,0.16058126225692124
0.045148570715611666,4,sim_g054,88.52913860950083,18.752694740195718,-790.4108724855535,-20.8537910411501,6.753642721146014,SE,441,0.0005284765820745606,0.22562619840473475,0.006411075592041016,1605.1779244728943,-793.7821203702297,3.3712478846762224,0.06634348542601542,0.1869915296691236
0.061994823732630926,4,sim_g136,88.52913860950083,13.415958103625506,-792.3383057853622,-19.944023391226814,6.849779956617369,SE,441,0.0009260092596425038,0.22411366462577895,0.002228975296020508,1609.0327910725118,-795.6858702644307,3.3475644790685237,0.06730452638893114,0.1869915296691236
0.11971126795772738,4,sim_g055,88.52913860950083,6.520216251254763,-824.3431145481879,-21.924115561350348,9.798802545883877,SE,441,0.0019986947411613967,0.16185674366803054,0.0010690689086914062,1673.0424085981633,-827.6903752203739,3.3472606721859393,0.0673169506808845,0.1869915296691236
0.2723711982638867,4,sim_g125,17.267240334135195,2.6630706340518264,-777.0967953170328,-18.04091252719985,65.45513196375141,SE,441,0.002996580609522441,0.08158278388195721,0.0011789798736572266,1578.5497701358531,-780.4019793684653,3.305184051432434,0.06906160852835341,0.19007782163766995
0.04744567298253603,4,sim_g133,88.52913860950083,17.801845637750063,-787.1344460809007,-11.245318788218883,2.0767275449045006,SE,441,0.0006407090546032728,0.24997007562353413,0.002229928970336914,1598.6250716635889,-790.2277124589597,3.0932663780589564,0.0786168496377242,0.21440958992106599
0.2671253083746527,4,sim_g193,17.267240334135195,2.734945481880121,-1016.2207496595204,-25.943866982473487,133.9100763425132,SE,441,0.003705284938200468,0.10293648995746679,0.0004241466522216797,2056.797678820828,-1019.2314944555161,3.01074479599572,0.08271427710199375,0.22230071533429874
0.2401318832729822,4,sim_g056,17.267240334135195,3.1544407983010196,-1103.9100075978085,-23.844908904265676,105.33937647751809,SE,441,0.0057033608154389275,0.1780663633064631,0.0003006458282470703,2232.1761946974043,-1106.9070425501536,2.997034952345075,0.08341705139232014,0.22230071533429874
0.2549982265036369,4,sim_g091,17.267240334135195,2.912420855331412,-1123.0306048055045,-5.4363012125216015,8.078524391804425,SE,441,0.00409701252942329,0.11961763163702453,0.0009949207305908203,2270.417389112796,-1126.021511563284,2.9909067577796122,0.08373326944258586,0.22230071533429874
0.2379349218272162,4,sim_g052,17.267240334135195,3.192771644419503,-937.0013400357858,-12.728678668086962,30.19491080609297,SE,441,0.0031165973385180595,0.09833406867901764,0.0008208751678466797,1898.358859573359,-939.8832538193432,2.8819137835573656,0.0895794989397114,0.23573552352555632
0.043759120018878744,4,sim_g053,88.52913860950083,19.376289479264223,-835.2725869089272,-17.096581128529422,4.548474356149314,SE,441,0.0005182621402147961,0.23423914677533922,0.002271890640258789,1694.9013533196419,-838.0634554877436,2.790868578816344,0.09480282920751315,0.24731172836742563
0.2656742938219674,4,sim_g079,17.267240334135195,2.7553272183688615,-1113.7841280533894,-12.770859096059535,34.3988173530405,SE,441,0.006362946521569784,0.17778349135034763,0.00030803680419921875,2251.924435608566,-1116.4632285642958,2.679100510906437,0.10167314234665081,0.2629477819309935
0.041248635777542134,4,sim_g117,88.52913860950083,20.60953974567125,-999.5096283514088,-28.784571056957752,12.530745358272943,SE,441,0.0006012972648058271,0.3028059727459659,0.0023069381713867188,2023.375436204605,-1002.0919076385704,2.5822792871616684,0.10806595222041893,0.27709218518056133
0.2355896586446996,4,sim_g061,17.267240334135195,3.234478856480147,-948.2948909159909,-26.226867520964095,124.09580761926536,SE,441,0.004261479487235893,0.13600187931756907,0.0030112266540527344,1920.9459613337692,-950.8307229195976,2.5358320036067425,0.11128821167085956,0.28293613136659207
0.20843799888494952,4,sim_g020,17.267240334135195,3.785663679277661,-1037.961510379726,-15.752268767331376,41.758452509061115,SE,441,0.00891185285811017,0.3296099766523401,0.0007228851318359375,2100.279200261239,-1040.2654989797722,2.3039886000462957,0.12904225191734264,0.3253166014722924
0.21071158571386114,4,sim_g099,17.267240334135195,3.734060053173969,-863.34406685209,-19.763829420435556,64.75239373851856,SE,441,0.003298142498657554,0.12034638623947504,0.0010149478912353516,1751.0443132059675,-865.613773807188,2.269706955097945,0.13192484553633455,0.32981211384083636
0.23691863207783925,4,sim_g086,17.267240334135195,3.210743549908151,-1091.8129404526242,-20.612911203694384,78.3308140671285,SE,441,0.004541820408781329,0.14401007394184062,0.0018198490142822266,2207.9820604070355,-1094.0427648710556,2.2298244184314626,0.13536923015314584,0.33562619046234504
0.21188427434495852,4,sim_g108,17.267240334135195,3.707876441000166,-954.345832759087,-18.14288816513485,55.2240635427452,SE,441,0.004695491543861045,0.1701595981764917,0.0006601810455322266,1933.0478450199614,-956.4668718708255,2.121039111738469,0.14528794202371598,0.35726543120585896
0.9999545892329821,4,sim_g216,10.013867304527897,4.5399929762484854e-05,-587.4702606427252,-10.69168771443757,102.64938432010709,SE,441,1.640665625720736,576182733.0982327,0.0007758140563964844,1199.2967007872378,-589.4326795546106,1.9624189118853792,0.16125485630315828,0.3933045275686787
0.9999545892329821,4,sim_g197,10.013867304527897,4.5399929762484854e-05,-1108.2371117858702,-20.40528269248161,379.7708411226819,SE,441,0.8225391505051137,288866206.7318883,0.0004851818084716797,2240.8304030735276,-1110.1434850403102,1.906373254440041,0.16736668053066084,0.40341038306929383
0.057772152824246935,4,sim_g042,88.52913860950083,14.461364476319458,-952.6333017140074,-31.676696040912468,16.851227762556867,SE,441,0.0012192270392515794,0.3341991492471933,0.0011889934539794922,1929.6227829298023,-954.5331588885687,1.899857174561248,0.16809430661544378,0.40341038306929383
0.9999545892329822,4,sim_g194,10.013867304527897,4.5399929762484854e-05,-971.6748904901955,-23.407840999803028,492.7984981964334,SE,441,0.7137245246115497,250651772.56237704,0.00020384788513183594,1967.7059604821784,-973.5628490036456,1.887958513450144,0.1694323608891034,0.40341038306929383
0.031633204371039524,4,sim_g124,88.52913860950083,27.143671467251053,-1069.8419101607437,-22.544770685783895,7.083021658755188,SE,441,0.0005794781992392385,0.47739264610654014,0.0021369457244873047,2164.0399998232747,-1071.6170854279726,1.7751752672288603,0.18274289363623208,0.4295598285316813
0.9999545892329821,4,sim_g232,10.013867304527897,4.5399929762484854e-05,-722.2729125056462,-18.650293802240466,311.3333769699482,SE,441,0.9342735438421952,328106029.3544029,0.00031685829162597656,1468.9020045130799,-724.0437468167179,1.7708343110716669,0.18327886017351736,0.4295598285316813
0.03922599833745908,4,sim_g103,88.52913860950083,21.717964802173615,-785.9408488811152,-19.894309434098226,5.851964423894213,SE,441,0.0007303889279843392,0.40344658885812174,0.0023839473724365234,1596.237877264018,-787.6707770679443,1.7299281868290564,0.18842006901857344,0.4381862070199382
0.9999545892329821,4,sim_g180,10.013867304527897,4.5399929762484854e-05,-743.8145760714211,-21.192300950088082,401.69257314090356,SE,441,2.438186231487826,856262717.1785822,0.0002129077911376953,1511.9853316446297,-745.4570354404593,1.6424593690381926,0.19998836663567288,0.4615116153130912
0.20511385618238065,4,sim_g107,17.267240334135195,3.8631708261802777,-826.2868931970017,-13.765431067620737,30.974511172343597,SE,441,0.006767752115725558,0.25541096859580464,0.0008559226989746094,1676.929965895791,-827.7703558140562,1.4834626170544425,0.22323354862109324,0.5112218670712059
0.9999545892329822,4,sim_g290,10.013867304527897,4.5399929762484854e-05,-683.3088123054594,-10.572956495053997,100.86000804014205,SE,441,2.039756063006836,716338664.5119257,0.0004668235778808594,1390.9738041127061,-684.774867628284,1.4660553228246727,0.22596910765938516,0.51356615377133
0.17753553520701068,4,sim_g104,17.267240334135195,4.618126605924466,-940.0107368910701,-22.352953456268178,72.3434579150635,SE,441,0.005147820953570151,0.23467098649783769,0.0010690689086914062,1904.3776532839277,-941.4496375327077,1.4389006416375878,0.23031732337876432,0.5195127595009721
0.9999545892329821,4,sim_g072,10.013867304527897,4.5399929762484854e-05,-910.2466375974433,-26.135650781449492,611.9869975080971,SE,441,1.4504094834592316,509366983.2484945,0.00020575523376464844,1844.849454696674,-911.6642585598387,1.4176209623954037,0.23379537819014395,0.523422488485397
0.24488276463019099,4,sim_g151,17.267240334135195,3.073902931163124,-600.6529618544171,-22.332712281622506,92.10876745710962,SE,441,0.015473066411525635,0.4724791139602759,0.0012810230255126953,1225.6621032106216,-602.0166023411186,1.36364048670157,0.24290754859220687,0.5368968325539984
0.16436171115035106,4,sim_g166,17.267240334135195,5.068175705190697,-704.9231323543197,-17.46140172825464,41.27405826561599,SE,441,0.00496505402442374,0.25167401537888306,0.000965118408203125,1434.2024442104268,-706.28396498961,1.3608326352903077,0.2433932307578126,0.5368968325539984
0.9999545892329821,4,sim_g153,10.013867304527897,4.5399929762484854e-05,-671.4402216988519,-19.181735271878246,328.91922123188596,SE,441,2.4071404737724706,845359807.253492,0.0005140304565429688,1367.2366228994913,-672.7582884381386,1.318066739286678,0.25093930545145005,0.5495021287258031
0.9999545892329821,4,sim_g071,10.013867304527897,4.5399929762484854e-05,-874.9581705995508,-23.753151946804298,505.59160709256014,SE,441,2.4013702221762614,843333361.8398983,0.00020933151245117188,1774.2725207008891,-876.2609538417978,1.30278324224696,0.2537054575986424,0.5515336034753096
0.9999545892329822,4,sim_g275,10.013867304527897,4.5399929762484854e-05,-970.5180790241627,-34.18721559198389,1045.6895536401225,SE,441,2.357794091331171,828029930.2481377,0.00020885467529296875,1965.3923375501129,-971.7862300531143,1.2681510289515927,0.2601138323747664,0.5613967605210785
0.030749784012061594,4,sim_g068,88.52913860950083,27.94896467254456,-1086.0453587535817,-22.611742206495844,7.057559231094678,SE,441,0.0009204192641937522,0.7996094294898108,0.002123117446899414,2196.4468970089506,-1087.2976939549926,1.252335201410915,0.263106934734897,0.5638005744319221
0.17887745228803764,4,sim_g203,17.267240334135195,4.576003656539354,-1056.6078347912305,-37.531526230142525,204.3531121425101,SE,441,0.008286047820333237,0.37390741827944035,0.002051830291748047,2137.5718490842482,-1057.7635901751833,1.1557553839527372,0.28234757903511043,0.6007395298619371
0.03156170024071256,4,sim_g233,88.52913860950083,27.207175227044385,-1103.9476653041434,-24.63537010816501,8.442224232066396,SE,441,0.0008439309118628419,0.6982095955717669,0.0027420520782470703,2232.251510110074,-1105.0927494876591,1.1450841835157917,0.2845805715580557,0.6012265596296952
0.9999545892329821,4,sim_g254,10.013867304527897,4.5399929762484854e-05,-1073.8526588548998,-24.092861720610486,524.6169986399601,SE,441,5.089509018170897,1787376519.7765903,0.0009047985076904297,2172.061497211587,-1074.966652071328,1.1139932164282982,0.2912155562720812,0.6109417264449256
0.01283427136613465,4,sim_g236,152.65370175746375,55.559589802162314,-1074.2102865884362,-30.878122723497274,5.795998561687553,SE,441,0.00028052069203792705,1.3004366201783295,0.0007340908050537109,2172.7767526786597,-1075.2770942365473,1.0668076481110802,0.30166763737628344,0.6284742445339239
0.18691832966844094,4,sim_g164,17.267240334135195,4.3362694902874335,-652.0863175838151,-14.649301914269616,32.26317433008692,SE,441,0.010934501021356199,0.46527519547374946,0.0006690025329589844,1328.5288146694177,-653.0906809713055,1.0043633874903435,0.31625699427633824,0.6530788166820098
0.15967292772106179,4,sim_g257,17.267240334135195,5.246275006907095,-1046.7802261822121,-23.189636808653997,71.76426426563876,SE,441,0.007066113741307396,0.37305066308530865,0.002502918243408203,2117.9166318662114,-1047.7732466261373,0.9930204439251611,0.3190052704605203,0.6530788166820098
0.9999545892329821,4,sim_g185,10.013867304527897,4.5399929762484854e-05,-762.680940269754,-24.714828240618978,545.8631167006254,SE,441,4.070551455373963,1429530445.4549809,0.0002067089080810547,1549.7180600412955,-763.669851519688,0.988911249933949,0.32000862017418485,0.6530788166820098
0.9999545892329821,4,sim_g244,10.013867304527897,4.5399929762484854e-05,-913.9847201923643,-26.78325490732933,642.5704918508035,SE,441,7.442578409339804,2613747190.1372724,0.000518798828125,1852.325619886516,-914.952271072857,0.9675508804926949,0.3252917426541623,0.6593751540287073
0.02250655809672783,4,sim_g160,88.52913860950083,38.51027823111796,-673.0313082497003,-17.61563599444328,3.614500945334417,SE,441,0.0004583997052687341,0.7189278878274902,0.0011181831359863281,1370.418796001188,-673.9893883393781,0.9580800896778783,0.3276710722822389,0.6597404139910851
0.009903700652620811,4,sim_g170,152.65370175746375,72.21378541249935,-986.1592728710951,-25.309423543043675,3.500792856910847,SE,441,0.00022935739742473157,1.7641698450417502,0.0016260147094726562,1996.6747252439777,-987.0642587507929,0.9049858796977333,0.34144832211523,0.68289664423046
0.9999545892329822,4,sim_g217,10.013867304527897,4.5399929762484854e-05,-1046.537772565889,-31.60991689791942,896.635922358078,SE,441,40.24830565251131,14134737992.820051,0.0005810260772705078,2117.4317246335654,-1047.4295426943934,0.8917701285042767,0.3449980703004749,0.6854266297360428
0.9999545892329821,4,sim_g161,10.013867304527897,4.5399929762484854e-05,-1040.994549942809,-26.759959401825903,644.3479913166408,SE,441,390.371068714882,137093790330.5424,0.0006113052368164062,2106.3452793874053,-1041.867046691737,0.8724967489279152,0.35026502914728586,0.6913125575275378
0.12949442798711885,4,sim_g131,17.267240334135195,6.701229002334783,-1074.7496591398103,-16.644578661966907,31.55393342427169,SE,441,0.007055219450927728,0.5064839476369475,0.0009429454803466797,2173.855497781408,-1075.5488497200522,0.7991905802418842,0.37133548294509444,0.7178099468556273
0.13396384288306434,4,sim_g251,17.267240334135195,6.444398867969957,-782.3818862721562,-15.745860407707017,28.418348700037193,SE,441,0.008641725502784563,0.5894081866750196,0.0010731220245361328,1589.1199520460998,-783.1766890557163,0.7948027835601579,0.37265180873742587,0.7178099468556273
0.15489951346575356,4,sim_g171,17.267240334135195,5.438664685575639,-657.7465894074869,-15.32965956766755,30.303003804517285,SE,441,0.011957757748665058,0.6591452580711641,0.0021560192108154297,1339.8493583167613,-658.5412352282358,0.7946458207488831,0.37269901791110815,0.7178099468556273
0.13119587990375223,4,sim_g263,17.267240334135195,6.601394102201685,-1034.508319211169,-38.46101798119001,165.81456316292523,SE,441,0.008121476427074645,0.5716206720463567,0.0007801055908203125,2093.3728179241252,-1035.3010980957188,0.7927788845497616,0.3732611723649262,0.7178099468556273
0.9999545892329821,4,sim_g274,10.013867304527897,4.5399929762484854e-05,-990.5316405221884,-21.701454968007752,424.67597218048985,SE,441,42.4948598952899,14923701778.836027,0.00021505355834960938,2005.4194605461641,-991.2788938270411,0.7472533048527339,0.38734724646402974,0.7401539741350887
0.016756138992182715,4,sim_g088,88.52913860950083,52.03064111369834,-759.4006330334884,-19.422208248748994,3.7833479357202418,SE,441,0.0004592699049245506,1.2693431092212824,0.002743959426879883,1543.1574455687642,-760.1247326486458,0.7240996151574564,0.39480244467016756,0.7496248949433562
0.12496444061187463,4,sim_g202,17.267240334135195,6.980286339830646,-878.3779811314231,-26.167911994968726,73.66088709924692,SE,441,0.008025521229212367,0.6082835324004415,0.0024313926696777344,1781.1121417646336,-879.0910869771175,0.713105845694372,0.3984146705919751,0.7497064923102764
0.008649714653730586,4,sim_g081,263.2257923918826,52.28280271401357,-1068.6385668965052,-36.2715229755362,4.981982844624235,SE,441,0.0002820013508824659,2.828923883577251,0.0006859302520751953,2161.6333132947975,-1069.3473639135327,0.7087970170275639,0.39984346256548076,0.7497064923102764
0.9999545892329821,4,sim_g214,10.013867304527897,4.5399929762484854e-05,-770.3697920990966,-15.991616958672198,229.68692366800633,SE,441,38938.4248741995,13674723060437.092,0.0004918575286865234,1565.0957636999806,-771.0399864040662,0.670194304969641,0.41298387168985073,0.7695351646394734
0.9999545892329821,4,sim_g291,10.013867304527897,4.5399929762484854e-05,-910.3785765614331,-23.688432390509288,503.3984797185855,SE,441,519.7422574700262,182527450883.949,0.00046515464782714844,1845.1133326246536,-911.0319028522849,0.6533262908518509,0.4189259482144846,0.7757887929897863
0.09932864130478689,4,sim_g113,17.267240334135195,9.039113573205144,-836.8414627570813,-23.508608741424723,48.7044034706396,SE,441,0.009387083378622062,1.022287157756125,0.006669044494628906,1698.03910501595,-837.4723261978397,0.6308634407583895,0.4270387749795824,0.7859609355452438
0.12015822268761431,4,sim_g229,17.267240334135195,7.299364808480718,-655.4764785201794,-15.931608036596026,26.39726215835236,SE,441,0.012465289880380212,1.0036411619371426,0.0016922950744628906,1335.3091365421462,-656.0811503087534,0.6046717885740236,0.43680105835816596,0.7887895869911478
0.9999545892329822,4,sim_g239,10.013867304527897,4.5399929762484854e-05,-1026.3302099908165,-26.638485843934276,638.1467136817522,SE,441,381.7622759350511,134070482182.81206,0.0006258487701416016,2077.01659948342,-1026.9329132964135,0.6027033055970605,0.43754844745047117,0.7887895869911478
0.10607066433980784,4,sim_g029,17.267240334135195,8.401210882767316,-981.4681488647582,-23.418845515472604,51.46134245238365,SE,441,0.007949349688407117,0.7788483851689066,0.002833843231201172,1987.2924772313038,-982.0705037722133,0.6023549074551511,0.437680930206502,0.7887895869911478
0.021894241367754894,4,sim_g269,88.52913860950083,39.61209411092874,-1011.3357221642996,-28.24410952237145,9.232314549305302,SE,441,0.0007959896139962344,1.3159019431588586,0.002691030502319336,2047.0276238303866,-1011.9343740118745,0.5986518475749563,0.4390928700917389,0.7887895869911478
0.12890334559907685,4,sim_g190,17.267240334135195,6.73652835441757,-700.5368218186736,-23.392319794297702,60.30036922309448,SE,441,0.015178185098865213,1.0972123572354768,0.0031120777130126953,1425.4298231391347,-701.1161709169924,0.5793490983187439,0.4465675667523328,0.7974420834863086
0.02526948122801645,4,sim_g017,88.52913860950083,34.202679104629716,-652.9880763177057,-20.503513985696237,5.153712997299521,SE,441,0.001880778091686991,2.3663742535218155,0.0009770393371582031,1330.3323321371988,-653.5587396205301,0.5706633028244141,0.44999545785569783,0.798808505069286
0.11865874605280968,4,sim_g230,17.267240334135195,7.404203221469592,-1106.2361406505902,-19.04952234241182,38.19369150662357,SE,441,0.011856313790668918,0.973392016719901,0.0024471282958984375,2236.8284608029676,-1106.7931405670047,0.5569999164144974,0.45547155367889014,0.8037733300215708
0.016045477433721263,4,sim_g130,88.52913860950083,54.3743739983334,-936.4913612548062,-10.785751318011892,1.2031375812945433,SE,441,0.0008416788053292105,2.529502940739535,0.0009229183197021484,1897.3389020113998,-937.0311631393621,0.5398018845559136,0.46251484350403105,0.8086589162373197
0.12732747060736255,4,sim_g184,17.267240334135195,6.832241028081241,-687.2650430850963,-17.157457542526,32.174067726396885,SE,441,0.01708346749212084,1.2582732707437643,0.0008170604705810547,1398.88626567198,-687.8014514500459,0.5364083649495797,0.4639250399205852,0.8086589162373197
0.1288763946691057,4,sim_g267,17.267240334135195,6.738145578402768,-752.8690475057631,-17.49032394247706,33.833769043394966,SE,441,0.01573847491608289,1.1380764074628318,0.0007250308990478516,1530.0942745133136,-753.3997143440668,0.5306668383036595,0.46632664169685434,0.8086589162373197
0.015412394968804642,4,sim_g126,88.52913860950083,56.644287972167,-1108.7515638410132,-12.465712583981846,1.6302341238787874,SE,441,0.0006642425366385031,2.158007356570476,0.0022590160369873047,2241.8593071838136,-1109.2460863797346,0.4945225387214123,0.48191680960221783,0.8308910510383065
0.09904765456322545,4,sim_g282,17.267240334135195,9.067584468415799,-788.5476664515393,-21.70381447208338,41.39697494991615,SE,441,0.010611498153056415,1.1609536746948799,0.0034377574920654297,1601.451512404866,-789.0353369287417,0.4876704772024141,0.4849682954778336,0.8313742208191434
0.10620439079677713,4,sim_g226,17.267240334135195,8.38937737329063,-1095.7528714654634,-16.273509108706847,25.51738761680869,SE,441,0.012174752273633219,1.190438956231432,0.0010979175567626953,2215.861922432714,-1096.2276830069804,0.47481154151705596,0.49078192249675767,0.8365600951649278
0.10353922829754236,4,sim_g296,17.267240334135195,8.630984802095238,-1040.8565380646694,-23.92295461110944,52.714431835242074,SE,441,0.014013570757901887,1.4271893521190082,0.0008721351623535156,2106.069255631126,-1041.3181322704254,0.4615942057560005,0.4968798600366664,0.8421692542994346
0.015977022959002406,4,sim_g258,88.52913860950083,54.61114320927624,-790.5780643061304,-19.356301396766888,3.6656278997823133,SE,441,0.0009553254863527178,2.8948885121332135,0.002479076385498047,1605.5123081140482,-791.0180273732924,0.4399630671620116,0.5071402818049338,0.8483886667503566
0.011562978649488449,4,sim_g297,88.52913860950083,75.79685175293909,-930.5569519793667,-19.982029915736916,3.247904133073999,SE,441,0.0005065003309519751,2.8776246674661583,0.0011513233184814453,1885.4700834605208,-930.9955233037695,0.4385713244028011,0.5078128234406167,0.8483886667503566
0.10394759828699132,4,sim_g167,17.267240334135195,8.593160717918378,-876.6007854429006,-26.475044291188965,64.27027800039944,SE,441,0.013884736569612158,1.4051556861240455,0.0009179115295410156,1777.5577503875886,-877.0368394355072,0.4360539926066167,0.5090332000502139,0.8483886667503566
0.10534227580788197,4,sim_g261,17.267240334135195,8.466193784387523,-965.5528203932282,-25.051104702410598,58.417082306895836,SE,441,0.015462925919397668,1.5317901997515915,0.0009410381317138672,1955.4618202882439,-965.9588498746233,0.40602948139508044,0.5239916946428381,0.8684945215074664
0.008261764659097512,4,sim_g163,263.2257923918826,54.759281746086785,-1107.731439075152,-29.245415494250256,3.2714992923276722,SE,441,0.00036397003361009835,3.9957399482584295,0.0006198883056640625,2239.819057652091,-1108.0996983021298,0.3682592269778979,0.5439546708836627,0.8966285783796637
0.10638686352800963,4,sim_g148,17.267240334135195,8.373278277635828,-1018.8540102491618,-17.48332033877215,29.09269158993138,SE,441,0.019616041339012767,1.9127909908332155,0.001506805419921875,2062.0642000001108,-1019.2053336295259,0.35132338036407873,0.5533649508884715,0.9071556571942155
0.06729380909647913,4,sim_g047,17.267240334135195,13.816681082564186,-856.4410922731153,-19.120068416078986,22.773501659343417,SE,441,0.018291852105511115,3.8359834362162823,0.0024199485778808594,1737.238364048018,-856.7819382114589,0.3408459383435911,0.5593413368268687,0.9119695709133728
0.07543080635049512,4,sim_g039,17.267240334135195,12.218690215136927,-974.6440939040356,-17.58902301730757,21.572363450034914,SE,441,0.01775249524724917,3.058308604923746,0.0013210773468017578,1973.6443673098586,-974.9684881238305,0.32439421979495364,0.56897876979659,0.9226682753458216
0.5156304386999235,4,sim_g140,10.013867304527897,0.9391066548332798,-1100.1297304155983,-19.145473674040097,182.12233067725873,SE,441,10.410963250212623,195.30558779439957,0.0002760887145996094,2224.6156403329837,-1100.4230829292778,0.29335251367956516,0.5880801271142503,0.9455349306804217
0.07781598789174775,4,sim_g057,17.267240334135195,11.813612977461293,-1000.7514237071496,-17.078570681614774,20.99025022015487,SE,441,0.016222377833830057,2.650387248042848,0.0009148120880126953,2025.8590269160866,-1001.0427318789383,0.29130817178872803,0.5893834401241296,0.9455349306804217
0.9999545892329822,4,sim_g198,10.013867304527897,4.5399929762484854e-05,-627.9370679640855,-17.713341758216764,280.4488584555748,SE,441,129.5368993277002,45491856184.329216,0.0004911422729492188,1280.2303154299584,-628.2128110421713,0.27574307808583853,0.5995050264411843,0.9566569570869963
0.07667327723328131,4,sim_g179,17.267240334135195,12.004535604697715,-876.72250099039,-19.765432949346124,27.41532245568664,SE,441,0.018147314512128712,3.0404310136757853,0.0011150836944580078,1777.8011814825675,-876.9855607854925,0.2630597951024356,0.6080257845126406,0.9651202928772072
0.5120990759920955,4,sim_g253,10.013867304527897,0.9524765009566367,-865.8593616845652,-31.103256795587882,467.45569179050784,SE,441,12.531273754795983,234.93685696317345,0.0005047321319580078,1756.0749028709179,-866.1076146029552,0.2482529183899942,0.618307946641264,0.9741536576846468
0.5108448400591287,4,sim_g212,10.013867304527897,0.9572695608621214,-1065.2897438623957,-26.355358920674966,337.5235572704921,SE,441,11.776429006091414,220.7449994170405,0.0006940364837646484,2154.9356672265785,-1065.5353147532176,0.24557089082190942,0.6202111620592251,0.9741536576846468
0.07841646831633281,4,sim_g295,17.267240334135195,11.715515751662656,-1103.0230346666199,-24.858525139100426,44.55250220477722,SE,441,0.019114077004980433,3.082338689898827,0.000988006591796875,2230.402248835027,-1103.242811151734,0.21977648511415282,0.6392102782825848,0.980990273936845
0.01069740504701878,4,sim_g223,88.52913860950083,82.00165089162189,-771.7171297898572,-18.058590715422653,2.508264107616832,SE,441,0.0011033455176187445,7.297922214170771,0.0012118816375732422,1567.7904390815017,-771.9272928820097,0.21016309215258389,0.646639604092067,0.980990273936845
0.49934267275066846,4,sim_g115,10.013867304527897,1.0023479729455418,-1055.2728897311931,-19.31314099340562,178.93575081348325,SE,441,10.16279294787247,190.35753103899174,0.0006978511810302734,2134.9019589641734,-1055.439281509411,0.16639177821798512,0.6833386618078673,0.980990273936845
0.498416988837846,4,sim_g237,10.013867304527897,1.0060663019912492,-1055.722881399138,-24.673679494984242,289.33548173668606,SE,441,9.027518529279321,169.0951070024126,0.0006921291351318359,2135.8019423000633,-1055.8876985137194,0.16481711458141035,0.6847596899960204,0.980990273936845
0.008870083766168003,4,sim_g204,88.52913860950083,99.07743433708193,-1073.6928361023638,-32.167802094637175,7.042618336108111,SE,441,0.0012179722642969737,11.62923226203146,0.0027298927307128906,2171.741851706515,-1073.8564144039833,0.16357830161950915,0.6858832028511448,0.980990273936845
0.5055523378121448,4,sim_g080,10.013867304527897,0.9777567576211373,-815.2868094421307,-16.44123644652989,129.81924341278943,SE,441,27.879132330087813,522.2991275353758,0.0004830360412597656,1654.9297983860488,-815.4359127994561,0.1491033573254299,0.6993936988535063,0.980990273936845
0.049992022053286476,4,sim_g225,17.267240334135195,18.943513631520595,-926.6468358980736,-18.440134698974795,16.14677493585712,SE,441,0.03536072938887984,12.552479083496763,0.0010571479797363281,1877.6498512979347,-926.7855817646763,0.13874586660267596,0.7095309873249793,0.980990273936845
0.49769362363234354,4,sim_g177,10.013867304527897,1.0089815756102902,-1015.8252325852171,-27.58743433092997,359.75621355032746,SE,441,12.021149989605465,225.1730217336509,0.0005750656127929688,2056.0066446722217,-1015.9628397155418,0.13760713032468175,0.7106715325170896,0.980990273936845
0.0056345707185377104,4,sim_g287,88.52913860950083,156.47936347327936,-818.4508582433045,-21.236187075624894,2.200391975213405,SE,441,0.001164739250478403,27.193205222041833,0.001110076904296875,1661.2578959883965,-818.5832672002372,0.1324089569326361,0.7159473095999115,0.980990273936845
0.4948786962093008,4,sim_g242,10.013867304527897,1.0204072801201916,-1039.6341845253082,-15.785313722851148,119.4427383369948,SE,441,10.651962098467488,199.5524604222029,0.00047206878662109375,2103.6245485524037,-1039.7594940073616,0.12530948205335335,0.7233457826455125,0.980990273936845
0.0057213020722981026,4,sim_g172,88.52913860950083,154.09379272471742,-827.9328689462047,-11.292151603176528,0.6412543539402322,SE,441,0.001528495317682591,34.62452946610613,0.0009691715240478516,1680.221917394197,-828.0538549771167,0.12098603091192217,0.7279675104208203,0.980990273936845
0.5048883302374748,4,sim_g245,10.013867304527897,0.9803574452946783,-763.3903800255054,-14.7163633694454,103.86734473508757,SE,441,51.53073775543207,965.3559149333389,0.00046825408935546875,1551.1369395527981,-763.5061259468205,0.11574592131512418,0.7336949824393189,0.980990273936845
0.48995481811682373,4,sim_g231,10.013867304527897,1.040708826613984,-970.8480184679574,-21.152667851328978,209.0540260905248,SE,441,7.684593645603927,144.02984543770205,0.0002090930938720703,1966.0522164377023,-970.9596252647632,0.11160679680574503,0.7383221838954602,0.980990273936845
0.052253565968857024,4,sim_g181,17.267240334135195,18.0804906230762,-725.9257555238062,-16.691190314357172,13.702426575063772,SE,441,0.021237134680146666,6.96247296893369,0.0008111000061035156,1476.2076905493998,-726.0325505837386,0.10679505993243765,0.7438228396794633,0.980990273936845
0.044882472030092414,4,sim_g213,17.267240334135195,21.213583210638493,-798.0683887099833,-18.104797669078394,13.9938839412949,SE,441,0.02381940157435185,10.279424994360056,0.0019512176513671875,1620.492956921754,-798.1670844314624,0.09869572147908912,0.7534004689259777,0.980990273936845
0.05405210621009896,4,sim_g266,17.267240334135195,17.445707181000948,-784.5865343213184,-23.880403592253348,28.883911345897978,SE,441,0.03789406946430987,11.693194665004889,0.0008299350738525391,1593.5292481444242,-784.671121344664,0.08458702334564805,0.7711748515310343,0.980990273936845
0.49289330219920624,4,sim_g085,10.013867304527897,1.0285444175980862,-1003.0100067642788,-16.83528724681682,134.40965720276873,SE,441,15.051087437270626,282.0081769370562,0.00047326087951660156,2030.3761930303451,-1003.0923871629758,0.08238039869695513,0.7740971154268976,0.980990273936845
0.4933401695929138,4,sim_g247,10.013867304527897,1.0267072198988885,-891.7657322570626,-17.150411313114557,138.42190559997815,SE,441,16.82872248519503,315.3030399548004,0.000560760498046875,1807.8876440159127,-891.844726406599,0.07899414953635642,0.7786651636574846,0.980990273936845
0.04467437541750945,4,sim_g046,17.267240334135195,21.317041129522025,-1071.3519350137656,-1.0082361676697946,0.38110313835871096,SE,441,0.057883735954316166,25.19248788112801,0.0013780593872070312,2167.0600495293183,-1071.4301210320118,0.07818601824624238,0.7797708807052584,0.980990273936845
0.043589363752651135,4,sim_g200,17.267240334135195,21.87247118105179,-592.1706968535715,-14.297148953229822,8.467377918767708,SE,441,0.056021211770878855,25.500258853917646,0.0023620128631591797,1208.6975732089304,-592.2457097295393,0.07501287596778639,0.7841731637664344,0.980990273936845
0.4812955476182901,4,sim_g188,10.013867304527897,1.0774193055811294,-1024.1058779426764,-26.88648597079147,331.3224555081816,SE,441,6.542562407108462,122.81755272277256,0.00020694732666015625,2072.56793538714,-1024.169379334893,0.06350139221649442,0.80104506321277,0.980990273936845
0.003577396271824619,4,sim_g174,88.52913860950083,246.97239240043027,-777.1317857132432,-19.196416328971385,1.247970677968246,SE,441,0.0023066091294882303,132.46000418567576,0.0009539127349853516,1578.6197509282738,-777.1931233029402,0.0613375896970183,0.8043941805793005,0.980990273936845
0.03757887571761007,4,sim_g280,17.267240334135195,25.530266585171937,-990.4235512373948,-27.535585719385843,27.366334663868106,SE,441,0.06913805825753461,41.337329048473244,0.002544879913330078,2005.203281976577,-990.4813793103718,0.0578280729770313,0.8099622878446868,0.980990273936845
0.4836333359318524,4,sim_g235,10.013867304527897,1.0673788427618394,-891.3763224679514,-19.60592481069848,177.03560840701834,SE,441,9.24468145764749,173.45233641289005,0.00020313262939453125,1807.1088244376901,-891.4222082425789,0.045885774627549836,0.8303835702640214,0.980990273936845
0.47694525530956283,4,sim_g299,10.013867304527897,1.0963651812944626,-1086.5313947854609,-32.15156549624437,469.44540371505053,SE,441,5.632303784435056,105.8512718664255,0.00047898292541503906,2197.418969072709,-1086.5764486625717,0.04505387711083131,0.8319049908377153,0.980990273936845
0.03382417001188571,4,sim_g241,17.267240334135195,28.474952350508755,-891.5119295367508,-20.019724675426133,13.10395524638028,SE,441,0.19990386641238664,145.32048550796287,0.0015571117401123047,1807.380038575289,-891.5511771443896,0.03924760763879931,0.8429589308534606,0.980990273936845
0.4850705435746419,4,sim_g175,10.013867304527897,1.0612542811393184,-1106.7771337469499,-13.077057889252055,82.56222017253369,SE,441,11.843811373984622,222.15527905468826,0.0005159378051757812,2237.910446995687,-1106.815700567729,0.0385668207791241,0.8443093290005174,0.980990273936845
0.02763900533739462,4,sim_g288,17.267240334135195,35.0702696494959,-854.4913669799469,-23.555250240692597,14.894708313830918,SE,441,0.14713132941660226,156.23291110542417,0.000985860824584961,1733.3389134616812,-854.5184909780652,0.02712399811832711,0.8691851158507888,0.980990273936845
0.48459503786971553,4,sim_g196,10.013867304527897,1.0632765946718394,-671.1000155148183,-19.924479405076017,182.1034207666288,SE,441,13.079757673341895,245.36030922838665,0.0005311965942382812,1366.556210531424,-671.1260809098138,0.026065394995498536,0.8717407144714676,0.980990273936845
0.029317828395159364,4,sim_g150,17.267240334135195,33.00496224142207,-740.1002953192454,-20.3773667242123,11.785014617426212,SE,441,0.31769017894273915,301.8584881540535,0.001329183578491211,1504.5567701402783,-740.1210027531375,0.020707433892084737,0.8855788213740736,0.980990273936845
0.0021783223861925,4,sim_g191,88.52913860950083,406.1651601569957,-617.7241077015475,-14.232517248061088,0.4459882397783689,SE,441,0.005670013423074956,873.0872712752783,0.002402067184448242,1259.8043949048824,-617.740500367301,0.01639266575352849,0.8981221881226635,0.980990273936845
0.014670288166796329,4,sim_g265,17.267240334135195,66.95406039568674,-608.9285806576362,-13.545035247473809,2.6597917882903497,SE,441,0.3244285542049858,1159.8065080095719,0.0008299350738525391,1242.2133408170598,-608.9393063899934,0.010725732357173001,0.9175144755811857,0.980990273936845
0.0009803064916749718,4,sim_g155,88.52913860950083,903.6163049890336,-854.3901112560064,-22.318960621340572,0.5251174046812264,SE,441,0.013970946460116204,10569.464271163957,0.0017552375793457031,1733.1364020138003,-854.3957727210221,0.005661465015691647,0.9400216050551471,0.980990273936845
0.4769035989855726,4,sim_g273,10.013867304527897,1.096548268683457,-1108.1786960773297,-18.405659171183956,156.82410824048958,SE,441,8.12338104462065,152.66943614761234,0.0002110004425048828,2240.7135716564467,-1108.1832202573723,0.00452418004260835,0.9463731078448389,0.980990273936845
0.007306266869777707,4,sim_g186,17.267240334135195,135.44211739538665,-727.9200529632769,-16.13816171632415,1.9013228688201718,SE,441,0.9914001760507755,13861.76980112933,0.0028388500213623047,1480.1962854283413,-727.9234366274927,0.003383664215789395,0.953613796580825,0.980990273936845
0.007690134442573746,4,sim_g276,17.267240334135195,128.63150838505663,-1026.6194484319408,-15.69203233923056,1.9270346623829988,SE,441,1.0540708955831395,13324.548824159107,0.0020449161529541016,2077.595076365669,-1026.622814589517,0.003366157576238038,0.9537338153624553,0.980990273936845
0.00481781620083365,4,sim_g178,17.267240334135195,205.91422537217701,-836.2461184086058,-18.125059991027047,1.589727701986961,SE,441,2.9266064785790014,93142.06604033182,0.0011661052703857422,1696.848416318999,-836.2476585875984,0.0015401789926272613,0.9686949653506254,0.980990273936845
6.657079749982103e-07,4,sim_g277,88.52913860950083,1331949.745093036,-879.3129677013853,-27.46661851235716,0.0005687484250675076,SE,441,0.011952271543830896,19528086511.87956,0.0005433559417724609,1782.982114904558,-879.3135420487926,0.0005743474072232857,0.9808800909157668,0.980990273936845
4.589860960779461e-05,4,sim_g264,17.267240334135195,21717.73461659137,-910.1256982135537,-15.440129072960366,0.011143100074611749,SE,441,116.65279842031622,40100964768.10453,0.000209808349609375,1844.607575928895,-910.1262709518769,0.0005727383231715066,0.9809068876222382,0.980990273936845
1.0217741739974219e-06,4,sim_g262,88.52913860950083,867793.7595701164,-850.6115756393483,-11.362075595886822,0.00015195056897258062,SE,441,4.7997071723314795,3328758611466.6016,0.00047326087951660156,1725.579330780484,-850.612143914404,0.000568275055684353,0.980981413921749,0.980990273936845
1.9771349183477967e-09,4,sim_g173,51.34109617198996,485165195.4097903,-981.9907994430118,-27.654507787710603,1.5866815335801083e-06,SE,441,0.002577958143229915,477505969137642.3,0.0005588531494140625,1988.337778387811,-981.9913672370096,0.0005677939977886126,0.9809894639371007,0.980990273936845
2.0343542070734222e-09,4,sim_g228,29.774469711813495,485165195.4097903,-532.781642937277,-16.601945480257573,5.694566855681455e-07,SE,441,0.00922957201669461,1614745102461595.2,0.0004799365997314453,1089.9194653763413,-532.7822107120546,0.0005677747776644537,0.9809897856372324,0.980990273936845
1.9771349183477967e-09,4,sim_g205,51.34109617198996,485165195.4097903,-1029.0581509349613,-26.73759811273516,1.4863537609907086e-06,SE,441,0.010163638556375131,1882574428747729.8,0.0004749298095703125,2082.47248137171,-1029.058718708046,0.0005677730846400664,0.9809898139747801,0.980990273936845
2.0343542070734222e-09,4,sim_g195,29.774469711813495,485165195.4097903,-932.658466806005,-24.983200515875208,1.2947809452604142e-06,SE,441,0.013765352700194139,2408295402656746.0,0.00047779083251953125,1889.6731131137974,-932.6590345766339,0.0005677706288906847,0.9809898550787614,0.980990273936845
2.034354207073422e-09,4,sim_g156,29.774469711813495,485165195.4097903,-900.1732928239535,-26.823379232426266,1.4901419415887245e-06,SE,441,0.29595343757144327,5.177806327430426e+16,0.00021195411682128906,1824.7027651496944,-900.1738605798687,0.0005677559151990863,0.9809901013562855,0.980990273936845
1.9771349183477962e-09,4,sim_g246,51.34109617198996,485165195.4097903,-609.0653239432113,-17.085578825217677,6.035966958567556e-07,SE,441,0.715620583875228,1.325518419822189e+17,0.0002028942108154297,1242.48682738821,-609.0658916976058,0.0005677543945239449,0.9809901268095026,0.980990273936845
2.0605681487466463e-09,4,sim_g208,10.013867304527897,485165195.4097903,-662.9816852666754,-16.697602728787583,5.771103794239623e-07,SE,441,28.24376636377479,4.816418339427449e+18,0.00020694732666015625,1350.3195500351383,-662.9822530189597,0.0005677522842688631,0.9809901621312261,0.980990273936845
2.060568148746646e-09,4,sim_g010,10.013867304527897,485165195.4097903,-1085.944431808698,-29.503846703933807,1.810801771848007e-06,SE,441,34.16813697242912,5.826703118078126e+18,0.000209808349609375,2196.2450431191833,-1085.944999560943,0.0005677522449332173,0.9809901627896318,0.980990273936845
2.060568148746646e-09,4,sim_g289,10.013867304527897,485165195.4097903,-646.7664048064153,-17.55862752246225,6.377320462875787e-07,SE,441,83.14427661233154,1.4178619577015261e+19,0.0004639625549316406,1317.888989114618,-646.7669725585248,0.0005677521095321936,0.9809901650559941,0.980990273936845
2.060568148746646e-09,4,sim_g224,10.013867304527897,485165195.4097903,-901.1454236123354,-20.460187251282658,8.700251919781733e-07,SE,441,332.57710644932604,5.6714478308061045e+19,0.0003600120544433594,1826.6470267264583,-901.1459913643247,0.0005677519892515193,0.9809901670692699,0.980990273936845
2.060568148746646e-09,4,sim_g298,10.013867304527897,485165195.4097903,-759.7020757951195,-15.431328621577673,4.945979454165135e-07,SE,441,24530.1508687676,4.1831343239260526e+21,0.0004899501800537109,1543.7603310920265,-759.7026435469711,0.0005677518515767588,0.9809901693736908,0.980990273936845
2.060568148746646e-09,4,sim_g211,10.013867304527897,485165195.4097903,-855.6772606347649,-23.16225337734136,1.1116357489677086e-06,SE,441,3661.783884852187,6.244451547596225e+20,0.0008661746978759766,1735.7107007713173,-855.6778283865923,0.0005677518273614623,0.9809901697790101,0.980990273936845
2.060568148746646e-09,4,sim_g222,10.013867304527897,485165195.4097903,-788.3472471190416,-18.9813777715042,7.469274075973367e-07,SE,441,1844.2283041295095,3.144968313253458e+20,0.0002779960632324219,1601.0506737398707,-788.3478148708527,0.0005677518111042446,0.9809901700511259,0.980990273936845
2.060568148746646e-09,4,sim_g028,10.013867304527897,485165195.4097903,-1029.2834799206926,-26.0720798148497,1.413926032584135e-06,SE,441,89.46254808607573,1.5256076393775153e+19,0.0004911422729492188,2082.9231393431724,-1029.2840476723209,0.0005677516282958095,0.9809901731110016,0.980990273936845
2.060568148746646e-09,4,sim_g238,10.013867304527897,485165195.4097903,-1112.8174832484133,-19.432549638570748,7.971095464218862e-07,SE,441,73.0603856045164,1.2459010479656292e+19,0.0006158351898193359,2249.991145998614,-1112.818051000018,0.0005677516046489473,0.9809901735068064,0.980990273936845
2.0605681487466455e-09,4,sim_g271,10.013867304527897,485165195.4097903,-608.4925106049477,-14.144458802488698,4.142721436257514e-07,SE,441,33.94420658501518,5.788516198854815e+18,0.0002129077911376953,1241.3412007116829,-608.4930783564298,0.0005677514820945362,0.9809901755581413,0.980990273936845
2.0546807243890725e-09,4,sim_g159,17.267240334135195,485165195.4097903,-777.944844311276,-15.05198817875999,4.710900499964538e-07,SE,441,20.044877377421386,3.437876460944377e+18,0.0013091564178466797,1580.2458681243395,-777.945412062645,0.0005677513689761327,0.980990177451535,0.980990273936845
2.060568148746646e-09,4,sim_g234,10.013867304527897,485165195.4097903,-823.4453314325283,-28.688677305327438,1.701464552296214e-06,SE,441,15.26392915604434,2.602962628000853e+18,0.00020599365234375,1671.246842366844,-823.4458991838225,0.0005677512941701934,0.9809901787036488,0.980990273936845
2.060568148746646e-09,4,sim_g209,10.013867304527897,485165195.4097903,-822.7459903659192,-17.827588801738532,6.601181232197679e-07,SE,441,14.222916484912473,2.4254384105775447e+18,0.0006380081176757812,1669.8481602336258,-822.7465581171945,0.0005677512752981784,0.9809901790195316,0.980990273936845
2.0605681487466455e-09,4,sim_g210,10.013867304527897,485165195.4097903,-641.281044442886,-18.35131632308319,6.963479232073308e-07,SE,441,13.266712205931638,2.2623765948761777e+18,0.0006182193756103516,1306.9182683875595,-641.2816121941386,0.0005677512525608108,0.9809901794001132,0.980990273936845
2.060568148746646e-09,4,sim_g286,10.013867304527897,485165195.4097903,-689.981593654069,-23.741470382071373,1.1645426631610943e-06,SE,441,13.158486589613547,2.24392084656993e+18,0.0005199909210205078,1404.3193668099254,-689.9821614053176,0.0005677512485817715,0.9809901794667151,0.980990273936845
2.060568148746646e-09,4,sim_g281,10.013867304527897,485165195.4097903,-843.8987997124177,-22.123508668192393,1.0143742108558347e-06,SE,441,11.00798882165171,1.8771957874859587e+18,0.000293731689453125,1712.1537789266229,-843.8993674636113,0.000567751193557342,0.9809901803877229,0.980990273936845
2.060568148746646e-09,4,sim_g187,10.013867304527897,485165195.4097903,-633.4435794992751,-19.590751086032007,7.931999849556674e-07,SE,441,7.060941590943697,1.2041045848568622e+18,0.00028896331787109375,1291.2433385003376,-633.4441472503007,0.0005677510256418827,0.9809901831983191,0.980990273936845
2.0605681487466455e-09,4,sim_g243,10.013867304527897,485165195.4097903,-976.9045746229517,-28.551982796280026,1.6904178092058039e-06,SE,441,5.282092299024052,9.007568569961709e+17,0.0004699230194091797,1978.1653287476909,-976.905142373848,0.0005677508962662614,0.9809901853638296,0.980990273936845
2.060568148746646e-09,4,sim_g169,10.013867304527897,485165195.4097903,-911.7070545009328,-21.052874419462036,9.210909535747148e-07,SE,441,3.895598255564117,6.643175927558173e+17,0.00047516822814941406,1847.770288503653,-911.7076222516678,0.0005677507349446387,0.9809901880640579,0.980990273936845
2.060568148746646e-09,4,sim_g199,10.013867304527897,485165195.4097903,-1093.7563638070305,-28.589065668071573,1.7018665318128645e-06,SE,441,3.2277631174061003,5.5043145711408205e+17,0.0002818107604980469,2211.8689071158483,-1093.7569315576545,0.0005677506239862851,0.9809901899212975,0.980990273936845
2.060568148746646e-09,4,sim_g152,10.013867304527897,485165195.4097903,-1090.134785913905,-16.680553145359614,5.904309255703991e-07,SE,441,3.152863158931752,5.3765874369577197e+17,0.0005781650543212891,2204.6257513295973,-1090.1353536645147,0.0005677506096617435,0.9809901901610641,0.980990273936845
2.060568148746646e-09,4,sim_g182,10.013867304527897,485165195.4097903,-703.5440522072231,-16.76951740951981,5.825639619618368e-07,SE,441,2.7692240629194664,4.7223664828696454e+17,0.00020694732666015625,1431.4442839162336,-703.5446199577492,0.0005677505261019178,0.9809901915597028,0.980990273936845
2.060568148746646e-09,4,sim_g270,10.013867304527897,485165195.4097903,-764.6658812262331,-21.32046116942443,9.407922697259518e-07,SE,441,2.1807536527288547,3.718846046060009e+17,0.0002608299255371094,1553.6879419542536,-764.6664489765882,0.0005677503551169139,0.9809901944216792,0.980990273936845
2.060568148746646e-09,4,sim_g165,10.013867304527897,485165195.4097903,-696.4853484476507,-19.916632631383134,8.204431598114897e-07,SE,441,2.082597396045515,3.5514598735750445e+17,0.0005099773406982422,1417.3268763970889,-696.4859161979712,0.0005677503204424283,0.9809901950020669,0.980990273936845
2.060568148746646e-09,4,sim_g255,10.013867304527897,485165195.4097903,-1090.5648620988777,-28.012905769696193,1.634401268112391e-06,SE,441,2.0175633146020657,3.440557050446682e+17,0.00027108192443847656,2205.4859036995426,-1090.5654298491722,0.0005677502945218293,0.9809901954359304,0.980990273936845
2.060568148746646e-09,4,sim_g250,10.013867304527897,485165195.4097903,-691.8234989714156,-17.295235611808938,6.193242136764747e-07,SE,441,1.9432618626336546,3.3138505512859546e+17,0.0004858970642089844,1408.0031774446186,-691.82406672168,0.0005677502643948173,0.9809901959402015,0.980990273936845
2.060568148746646e-09,4,sim_g278,10.013867304527897,485165195.4097903,-751.7260987437876,-13.565007850383967,3.829211722580601e-07,SE,441,1.811031285606046,3.0883573334105574e+17,0.00020766258239746094,1527.8083769893626,-751.7266664939967,0.0005677502091430142,0.980990196865016,0.980990273936845
2.0605681487466455e-09,4,sim_g260,10.013867304527897,485165195.4097903,-766.9665679946302,-22.00934977803099,1.0023570867430811e-06,SE,441,1.7460149624894767,2.977484793612741e+17,0.0002071857452392578,1558.2893154910478,-766.9671357448066,0.000567750176401205,0.9809901974130542,0.980990273936845
2.0605681487466455e-09,4,sim_g158,10.013867304527897,485165195.4097903,-853.0286539359095,-22.20661182590816,1.0222017857119252e-06,SE,441,1.4937672497919285,2.5473259777285555e+17,0.0005018711090087891,1730.4134873736064,-853.0292216859513,0.0005677500417959891,0.9809901996661001,0.980990273936845
2.060568148746646e-09,4,sim_g227,10.013867304527897,485165195.4097903,-808.3428115499974,-20.74386339547758,8.91648419883913e-07,SE,441,1.3442039353373458,2.292275188337897e+17,0.00020503997802734375,1641.0418026017821,-808.3433792999399,0.0005677499425473798,0.980990201327341,0.980990273936845
2.060568148746646e-09,4,sim_g284,10.013867304527897,485165195.4097903,-774.1740842751196,-19.65772138940412,8.005239250981069e-07,SE,441,1.1752799766233983,2.004208631548195e+17,0.0005209445953369141,1572.7043480520267,-774.1746520249285,0.0005677498088516586,0.9809902035651642,0.980990273936845
2.060568148746646e-09,4,sim_g252,10.013867304527897,485165195.4097903,-610.0684234091941,-17.179325686867706,6.10226324800057e-07,SE,441,0.9631600808429354,1.6424799077527622e+17,0.0007860660552978516,1244.4930263201757,-610.068991158786,0.0005677495919371722,0.9809902071959188,0.980990273936845
2.060568148746646e-09,4,sim_g240,10.013867304527897,485165195.4097903,-778.367270794708,-22.436433267388896,1.0416895410115664e-06,SE,441,0.9610335090959693,1.638853458280594e+17,0.0005888938903808594,1581.0907210912035,-778.367838544298,0.000567749590004496,0.9809902072282682,0.980990273936845
2.060568148746646e-09,4,sim_g285,10.013867304527897,485165195.4097903,-1089.3458605770188,-21.61610310436465,9.799595216544924e-07,SE,441,0.899732144659197,1.5343160491750282e+17,0.0008687973022460938,2203.047900655825,-1089.346428326533,0.0005677495141753752,0.9809902084975102,0.980990273936845
2.060568148746646e-09,4,sim_g219,10.013867304527897,485165195.4097903,-875.9774122241442,-26.42212743177474,1.4453621246830616e-06,SE,441,0.8204481365962559,1.3991127814736486e+17,0.0005929470062255859,1776.311003950076,-875.977979973548,0.0005677494037854558,0.9809902103452373,0.980990273936845
2.0605681487466455e-09,4,sim_g272,10.013867304527897,485165195.4097903,-1002.9835764463919,-25.570362927712797,1.3590769875742323e-06,SE,441,0.7940299351213237,1.3540617396119834e+17,0.00032806396484375,2030.3233323945713,-1002.9841441957556,0.0005677493636540021,0.980990211016965,0.980990273936845
2.060568148746646e-09,4,sim_g168,10.013867304527897,485165195.4097903,-802.2937312437434,-24.94733949753403,1.2873897910444136e-06,SE,441,0.742714089916649,1.2665526677822365e+17,0.00074005126953125,1628.9436419892743,-802.2942989930194,0.0005677492760014502,0.98099021248411,0.980990273936845
2.060568148746646e-09,4,sim_g207,10.013867304527897,485165195.4097903,-885.1528985425966,-24.5666024355057,1.2506270230154044e-06,SE,441,0.7324838265928392,1.2491069676389419e+17,0.0003230571746826172,1794.6619765869807,-885.1534662918541,0.0005677492574704956,0.9809902127942847,0.980990273936845
2.0605681487466455e-09,4,sim_g268,10.013867304527897,485165195.4097903,-585.815242939123,-16.395782719254083,5.558024963617861e-07,SE,441,0.7090458685619031,1.2091381442727635e+17,0.0009419918060302734,1195.9866653800334,-585.8158106883407,0.0005677492176801024,0.9809902134603038,0.980990273936845
2.060568148746646e-09,4,sim_g248,10.013867304527897,485165195.4097903,-918.1762247798924,-23.14581666448588,1.1119830695134496e-06,SE,441,0.6728233128553913,1.1473677063790622e+17,0.0007560253143310547,1860.7086290615723,-918.1767925290416,0.0005677491491269393,0.9809902146077598,0.980990273936845
2.060568148746646e-09,4,sim_g249,10.013867304527897,485165195.4097903,-949.2907958865298,-23.45437347617781,1.1427965824149108e-06,SE,441,0.6197989776006407,1.056945141106576e+17,0.0010221004486083984,1922.9377712748471,-949.2913636355628,0.0005677490329389911,0.980990216552536,0.980990273936845
2.060568148746646e-09,4,sim_g215,10.013867304527897,485165195.4097903,-947.9974042437116,-20.489872971680043,8.742321640469477e-07,SE,441,0.6199822822880239,1.0572577311650837e+17,0.0008018016815185547,1920.3509879892106,-947.9979719927438,0.0005677490322568701,0.9809902165639535,0.980990273936845
2.060568148746646e-09,4,sim_g157,10.013867304527897,485165195.4097903,-821.2121322952535,-27.68054412875176,1.584283058983434e-06,SE,441,0.5938844562253858,1.0127530264991731e+17,0.0007889270782470703,1666.7804440922944,-821.2127000442256,0.000567748972116533,0.9809902175705941,0.980990273936845
2.060568148746646e-09,4,sim_g201,10.013867304527897,485165195.4097903,-702.1529153698875,-14.038739739363,4.0913962933543834e-07,SE,441,0.5767322517664148,9.835033184206662e+16,0.0003268718719482422,1428.6620102415625,-702.1534831188156,0.0005677489281197268,0.9809902183070212,0.980990273936845
2.060568148746646e-09,4,sim_g218,10.013867304527897,485165195.4097903,-617.4879514111562,-16.821041248940443,5.851834512206596e-07,SE,441,0.5519021171315902,9.411604119239566e+16,0.0007560253143310547,1259.3320823241,-617.4885191600197,0.0005677488634319161,0.9809902193897784,0.980990273936845
2.0605681487466455e-09,4,sim_g292,10.013867304527897,485165195.4097903,-1056.667126246678,-30.4176418524454,1.921596324492924e-06,SE,441,0.5287860447112712,9.017405010994723e+16,0.0008249282836914062,2137.690431995143,-1056.6676939954768,0.0005677487988577923,0.9809902204706328,0.980990273936845
2.060568148746646e-09,4,sim_g192,10.013867304527897,485165195.4097903,-1060.2145893510465,-34.12759823994606,2.4153961859155577e-06,SE,441,0.5066858123955521,8.640529055925355e+16,0.0003120899200439453,2144.78535820388,-1060.2151570997785,0.0005677487320099317,0.9809902215895454,0.980990273936845
2.0605681487466455e-09,4,sim_g221,10.013867304527897,485165195.4097903,-834.3673967552159,-26.518084217096263,1.4547301535965228e-06,SE,441,0.5010440737164121,8.544320309221806e+16,0.0007822513580322266,1693.0909730122191,-834.3679645039281,0.0005677487122284219,0.9809902219206523,0.980990273936845
2.0605681487466455e-09,4,sim_g105,10.013867304527897,485165195.4097903,-1042.429711253831,-23.488303254906086,1.1507786337197395e-06,SE,441,0.47889555388016986,8.166620905549947e+16,0.001245737075805664,2109.2156020094494,-1042.430279002474,0.0005677486428794509,0.9809902230814291,0.980990273936845
2.0605681487466455e-09,4,sim_g206,10.013867304527897,485165195.4097903,-740.1556471741942,-17.402034769201038,6.276437188040245e-07,SE,441,0.478771108859223,8.164498740703309e+16,0.0003190040588378906,1504.6674738501758,-740.1562149228344,0.0005677486401509668,0.980990223127099,0.980990273936845
2.060568148746646e-09,4,sim_g176,10.013867304527897,485165195.4097903,-826.9368080292843,-21.76938394645962,9.819261170287505e-07,SE,441,0.4656113216312362,7.94008447621933e+16,0.0007421970367431641,1678.229795560356,-826.9373757778808,0.0005677485964952211,0.9809902238578176,0.980990273936845
2.060568148746646e-09,4,sim_g259,10.013867304527897,485165195.4097903,-728.1079842199943,-18.401792146905105,7.012388721836e-07,SE,441,0.4513879044213373,7.697532096282674e+16,0.0003159046173095703,1480.572147941776,-728.1085519685423,0.0005677485480646283,0.9809902246684585,0.980990273936845
2.060568148746646e-09,4,sim_g146,10.013867304527897,485165195.4097903,-846.3741722816685,-19.36866329449145,7.788376210727313e-07,SE,441,0.38936129376942585,6.639790358765818e+16,0.0003147125244140625,1717.1045240651245,-846.3747400299592,0.0005677482906776277,0.9809902289766543,0.980990273936845
2.0605681487466455e-09,4,sim_g294,10.013867304527897,485165195.4097903,-1108.8433129537389,-23.93002026601714,1.1987443661921736e-06,SE,441,0.3765466270918028,6.421261445855269e+16,0.0011742115020751953,2242.042805409265,-1108.8438807019697,0.000567748230878351,0.9809902299775868,0.980990273936845
2.0605681487466455e-09,4,sim_g154,10.013867304527897,485165195.4097903,-745.3428326968742,-20.674889597403354,8.845876182305911e-07,SE,441,0.36361206393362233,6.200687934500044e+16,0.0007848739624023438,1515.0418448955359,-745.3434004450403,0.0005677481660768535,0.9809902310622476,0.980990273936845
2.060568148746646e-09,4,sim_g162,10.013867304527897,485165195.4097903,-1109.23688787647,-20.627556538450904,8.954789936452789e-07,SE,441,0.3350289981603892,5.713260017082369e+16,0.000885009765625,2242.8299552547273,-1109.2374556244827,0.0005677480125996226,0.9809902336311813,0.980990273936845
2.0605681487466455e-09,4,sim_g220,10.013867304527897,485165195.4097903,-765.0937788983119,-15.390914483775719,4.921241249122997e-07,SE,441,0.3016910499932877,5.144746941018779e+16,0.0007729530334472656,1554.5437372984113,-765.0943466461163,0.0005677478043253359,0.98099023711732,0.980990273936845
2.060568148746646e-09,4,sim_g293,10.013867304527897,485165195.4097903,-843.860730515581,-17.502159141437954,6.369264327065904e-07,SE,441,0.29725945548265836,5.069174820788818e+16,0.0007889270782470703,1712.0776405329495,-843.8612982633566,0.000567747775562566,0.9809902375987574,0.980990273936845
2.060568148746646e-09,4,sim_g183,10.013867304527897,485165195.4097903,-810.4386762089453,-22.22016787071341,1.0224283110401278e-06,SE,441,0.28069812223796675,4.7867538853592936e+16,0.0003159046173095703,1645.233531919678,-810.4392439566009,0.0005677476556229522,0.9809902396063321,0.980990273936845
2.0605681487466455e-09,4,sim_g189,10.013867304527897,485165195.4097903,-645.9524179620366,-23.85203744305388,1.1748897780862709e-06,SE,441,0.27820143740039505,4.744177840491304e+16,0.0003132820129394531,1316.2610154258607,-645.952985709672,0.000567747635386695,0.9809902399450509,0.980990273936845
2.060568148746646e-09,4,sim_g256,10.013867304527897,485165195.4097903,-873.2739607544372,-23.6092931959399,1.155217657573872e-06,SE,441,0.19927369613758017,3.3982205923978564e+16,0.00032520294189453125,1770.9041010106619,-873.2745285013073,0.0005677468700469035,0.9809902527554764,0.980990273936845
2.0605681487466455e-09,4,sim_g283,10.013867304527897,485165195.4097903,-1113.255070461214,-11.821811843855071,3.0686279495078205e-07,SE,441,0.1977456821007254,3.372163321086304e+16,0.0008451938629150391,2250.8663204242152,-1113.2556382080654,0.0005677468514022621,0.9809902530675546,0.980990273936845
2.060568148746646e-09,4,sim_g279,10.013867304527897,485165195.4097903,-951.9074454383895,-16.17988784677601,5.48633836816294e-07,SE,441,0.1268070211995281,2.162444111054971e+16,0.0005059242248535156,1928.1710703785664,-951.9080131839941,0.0005677456045987128,0.980990273936845,0.980990273936845
