g,FSV,M,l,max_delta,max_ll,max_mu_hat,max_s2_t_hat,model,n,s2_FSV,s2_logdelta,time,BIC,max_ll_null,LLR,pval,qval,is_svg
sim_g003,2.0611534354931574e-09,4,1.0655670566970437,485165195.4097903,-7085.492926649298,-3.1137586993039896,2.051527424316951e-08,SE,9560,342.07375742218494,5.830082077616846e+19,0.0015721321105957031,14207.647225322778,-7085.492952801639,2.6152340979024302e-05,0.9959196872394132,0.9959197742953656,False
sim_g007,0.9999546021272737,4,1.0655670566970437,4.5399929762484854e-05,-8021.443967573026,-3.2126549770629445,10.625760191635285,SE,9560,82.47648682025154,28981239725.64624,0.0016689300537109375,16079.549307170235,-8021.510638621057,0.06667104803091206,0.7962468671554086,0.9959197742953656,False
sim_g009,0.9999546021272737,4,1.0655670566970437,4.5399929762484854e-05,-9493.278898726121,-3.303475029536881,11.330105603542371,SE,9560,87.04910993156886,30588004170.62292,0.0035851001739501953,19023.219169476422,-9493.346196385828,0.06729765970703738,0.7953128009973328,0.9959197742953656,False
sim_g012,0.9999546021272737,4,1.0655670566970437,4.5399929762484854e-05,-8721.540745688242,-3.1427996885519836,10.231640676243494,SE,9560,123.27293562468789,43316618308.55298,0.0026161670684814453,17479.742863400665,-8721.592971964314,0.05222627607145114,0.8192337004592385,0.9959197742953656,False
sim_g015,0.9999546021272737,4,1.0655670566970437,4.5399929762484854e-05,-10894.682882216995,-3.4249987223683926,12.292407946163001,SE,9560,535.6752714473864,188229810161.33307,0.0014410018920898438,21826.02713645817,-10894.696550603678,0.013668386682184064,0.9069298872375351,0.9959197742953656,False
sim_g028,0.9999546021272738,4,1.0655670566970437,4.5399929762484854e-05,-12372.291172493515,-3.6262126049202545,13.917160582362541,SE,9560,8.435919833352152,2964280177.5679073,0.0014801025390625,24781.24371701121,-12372.674676425486,0.38350393197106314,0.5357339312346497,0.9959197742953656,False
sim_g036,0.9999546021272738,4,1.0655670566970437,4.5399929762484854e-05,-9359.063575482527,-3.161139939204257,10.398949409493417,SE,9560,232.80936517219402,81806394556.08,0.0033528804779052734,18754.788522989234,-9359.091657870638,0.02808238811121555,0.866915275120512,0.9959197742953656,False
sim_g057,0.9999546021272737,4,1.0655670566970437,4.5399929762484854e-05,-13803.822687209271,-3.838233055977777,15.770449960110744,SE,9560,30.977251698109857,10885031505.561577,0.001499176025390625,27644.306746442722,-13804.153227833434,0.3305406241634046,0.5653409222639235,0.9959197742953656,False
sim_g071,0.9999546021272737,4,1.0655670566970437,4.5399929762484854e-05,-15147.914607603825,-3.979461140306885,17.21489766058041,SE,9560,25.836297898466295,9078562531.997286,0.003481149673461914,30332.49058723183,-15148.174121372269,0.25951376844386687,0.6104543992744236,0.9959197742953656,False
sim_g075,0.9999546021272737,4,1.0655670566970437,4.5399929762484854e-05,-10663.629034420177,-3.3993051054473864,12.09022928855596,SE,9560,0.38362442344545505,134800981.57784882,0.001374959945678711,21363.919440864534,-10665.40947387117,1.7804394509930717,0.18209537364698836,0.6915014189126141,False
sim_g082,0.5058862193568328,4,1.0655670566970437,0.9767289914992888,-12041.40339093096,-3.535925949515296,6.690120365198793,SE,9560,20.19933118060296,378.4316696776225,0.0014710426330566406,24119.4681538861,-12041.568862227432,0.1654712964718783,0.6841683781996274,0.9959197742953656,False
sim_g084,0.9999546021272737,4,1.0655670566970437,4.5399929762484854e-05,-13836.504552180852,-3.8511241569380896,15.876700129900868,SE,9560,12270.285630230761,4311629933109.042,0.0014920234680175781,27709.670476385883,-13836.506467720345,0.001915539492983953,0.9650902303640412,0.9959197742953656,False
sim_g085,0.9999546021272738,4,1.0655670566970437,4.5399929762484854e-05,-13184.526692120773,-3.7579293525890938,15.033240724120466,SE,9560,800.1049579571088,281147203114.6144,0.0015039443969726562,26405.714756265726,-13184.561370569956,0.03467844918304763,0.8522710598237807,0.9959197742953656,False
sim_g089,0.9999546021272738,4,1.0655670566970437,4.5399929762484854e-05,-13866.319644449799,-3.8381903620524938,15.783956664919423,SE,9560,837.9138272402452,294432782395.3888,0.0014331340789794922,27769.30066092378,-13866.33959419464,0.019949744841142092,0.8876775306067652,0.9959197742953656,False
sim_g095,0.9999546021272738,4,1.0655670566970437,4.5399929762484854e-05,-14053.857295780359,-3.914924798251522,16.420987249391246,SE,9560,5.1868348422305015,1822591016.8509552,0.001435995101928711,28144.3759635849,-14054.34294609692,0.4856503165610775,0.48587404128874845,0.9959197742953656,False
sim_g105,0.9999546021272737,4,1.0655670566970437,4.5399929762484854e-05,-12058.286487401594,-3.550848551248041,13.327199135234162,SE,9560,1.923163571043535,675776413.7736899,0.0014488697052001953,24153.23434682737,-12059.135426908239,0.8489395066444558,0.3568525193773945,0.9959197742953656,False
sim_g111,0.9999546021272738,4,1.0655670566970437,4.5399929762484854e-05,-12798.783941679972,-3.704151370154499,14.560698924064083,SE,9560,243.82199653754654,85676099994.90486,0.0020999908447265625,25634.229255384125,-12798.820179684815,0.036238004842743976,0.8490248269491232,0.9959197742953656,False
sim_g114,0.9999546021272737,4,1.0655670566970437,4.5399929762484854e-05,-8476.400817302196,-3.231332037212639,10.777320852825168,SE,9560,0.12983893446894196,45623830.87155122,0.003016948699951172,16989.46300662857,-8479.531241613488,3.13042431129179,0.07684373759968821,0.3157961819165269,False
sim_g119,2.0611534354931574e-09,4,1.0655670566970437,485165195.4097903,-13343.276412717983,-3.854703006416393,3.2593843517700416e-08,SE,9560,565.4688643101429,9.637482618101316e+19,0.0014240741729736328,26723.214197460147,-13343.276438870329,2.615234552649781e-05,0.9959196868846657,0.9959197742953656,False
sim_g120,2.0611534354931574e-09,4,1.0655670566970437,485165195.4097903,-9144.11321147882,-3.2654277674079673,2.279552724007901e-08,SE,9560,192.41648854997925,3.2794211686594757e+19,0.0014090538024902344,18324.88779498182,-9144.113237631118,2.615229823277332e-05,0.9959196905740405,0.9959197742953656,False
sim_g126,0.9999546021272737,4,1.0655670566970437,4.5399929762484854e-05,-7579.869908631988,-3.202247630546501,10.531387645407932,SE,9560,87.06215480295334,30592587980.49235,0.0014178752899169922,15196.401189288159,-7579.9328581159425,0.06294948395407118,0.8018934675648862,0.9959197742953656,False
sim_g132,0.9999546021272737,4,1.0655670566970437,4.5399929762484854e-05,-13254.359698085096,-3.7250685451126087,14.801146564402064,SE,9560,283.75488057024114,99708032363.8256,0.0016021728515625,26545.380768194373,-13254.400099105227,0.04040102013095748,0.8406985349108562,0.9959197742953656,False
sim_g141,0.9999546021272738,4,1.0655670566970437,4.5399929762484854e-05,-16741.11751622943,-4.485533773229678,22.04592911659123,SE,9560,1.0845987760238511,381114889.1755603,0.0015540122985839844,33518.89640448304,-16742.26934183159,1.1518256021590787,0.2831673130380883,0.9166742182843276,False
sim_g148,0.9999546021272737,4,1.0655670566970437,4.5399929762484854e-05,-12903.328629222022,-3.656493663467686,14.229047875039578,SE,9560,122.48458356829607,43039600932.87,0.0015475749969482422,25843.318630468224,-12903.411258944558,0.08262972253578482,0.7737648248988989,0.9959197742953656,False
sim_g150,2.0611534354931574e-09,4,1.0655670566970437,485165195.4097903,-16084.158601547111,-4.623456415340494,4.755124424538503e-08,SE,9560,342.07375742218517,5.830082077616846e+19,0.00421905517578125,32204.978575118403,-16084.158627699428,2.6152316422667354e-05,0.9959196891550498,0.9959197742953656,False
sim_g153,0.9999546021272737,4,1.0655670566970437,4.5399929762484854e-05,-16303.166809049128,-4.505234578436731,22.0527611507217,SE,9560,18.708667907970494,6573999578.436644,0.004069089889526367,32642.994990122435,-16303.40726460101,0.24045555188240542,0.6238772846699188,0.9959197742953656,False
sim_g154,2.0611534354931574e-09,4,1.0655670566970437,485165195.4097903,-15201.185596990923,-4.231790891317685,3.981369453944453e-08,SE,9560,23.968835943942043,4.085092113209036e+18,0.003902912139892578,30439.032566006026,-15201.185623142857,2.615193443489261e-05,0.9959197189539583,0.9959197742953656,False
sim_g157,2.061153435493158e-09,4,1.0655670566970437,485165195.4097903,-14558.83939209643,-3.7612773293218735,3.169704619948171e-08,SE,9560,62.829873812238056,1.0708314020112574e+19,0.001669168472290039,29154.34015621704,-14558.83941824856,2.6152130885748193e-05,0.9959197036287781,0.9959197742953656,False
sim_g158,0.9999546021272737,4,1.0655670566970437,4.5399929762484854e-05,-14318.72885909112,-3.9032667764580924,16.39303077031363,SE,9560,0.4133702440656487,145253303.0995802,0.0016293525695800781,28674.11909020642,-14320.58797570847,1.8591166173500824,0.17272678990910506,0.6643338073427117,False
sim_g159,2.0611534354931574e-09,4,1.0655670566970437,485165195.4097903,-15440.217067652207,-4.112002382189107,3.7902422533989495e-08,SE,9560,565.4688643101429,9.637482618101316e+19,0.001631021499633789,30917.095507328595,-15440.217093804535,2.6152327336603776e-05,0.9959196883036556,0.9959197742953656,False
sim_g160,2.061153435493158e-09,4,1.0655670566970437,485165195.4097903,-16393.91854359361,-4.514837727061888,4.573910471893469e-08,SE,9560,3.3459696113026194,5.702652436746341e+17,0.0016241073608398438,32824.4984592114,-16393.918569744834,2.6151225029025227e-05,0.9959197742953656,0.9959197742953656,False
sim_g161,2.0611534354931574e-09,4,1.0655670566970437,485165195.4097903,-11980.052004055644,-3.576620352575963,2.784617440275236e-08,SE,9560,40.98812773845709,6.985749235014268e+18,0.0016739368438720703,23996.765380135468,-11980.05203020775,2.6152105419896543e-05,0.9959197056153724,0.9959197742953656,False
sim_g163,2.0611534354931574e-09,4,1.0655670566970437,485165195.4097903,-8497.822231768238,-3.267505375293918,2.27201293369225e-08,SE,9560,123.14655267198667,2.0988295479420645e+19,0.0017800331115722656,17032.305835560655,-8497.822257920476,2.6152238206123002e-05,0.9959196952567133,0.9959197742953656,False
sim_g165,0.9999546021272738,4,1.0655670566970437,4.5399929762484854e-05,-16656.53957411513,-4.668056021079751,23.681131260062383,SE,9560,1129.8686478138034,397022174480.0536,0.0017130374908447266,33349.74052025444,-16656.56367473703,0.024100621900288388,0.8766291588780535,0.9959197742953656,False
sim_g166,0.9999546021272738,4,1.0655670566970437,4.5399929762484854e-05,-16431.005078035785,-4.397480313094276,21.142350553077804,SE,9560,20.978527433276543,7371600756.481454,0.0019729137420654297,32898.67152809575,-16431.252001752036,0.24692371625133092,0.6192495616381442,0.9959197742953656,False
sim_g171,2.0611534354931574e-09,4,1.0655670566970437,485165195.4097903,-16508.12901624058,-4.678732004038711,4.8934872117718614e-08,SE,9560,17.31748396949812,2.9514790517935283e+18,0.001542806625366211,33052.91940450534,-16508.129042392473,2.6151894417125732e-05,0.9959197220757613,0.9959197742953656,False
sim_g173,2.061153435493158e-09,4,1.0655670566970437,485165195.4097903,-12405.80938491186,-3.69509036633548,2.9759639406718934e-08,SE,9560,163.9525109538284,2.794299694005707e+19,0.001516103744506836,24848.2801418479,-12405.809411064127,2.615226730995346e-05,0.9959196929863259,0.9959197742953656,False
sim_g175,0.9999546021272737,4,1.0655670566970437,4.5399929762484854e-05,-9858.388681162727,-3.338841033188772,11.598677188194099,SE,9560,439.89375083493053,154573342515.72983,0.0031280517578125,19753.438734349635,-9858.403024848765,0.014343686038046144,0.9046692063754855,0.9959197742953656,False
sim_g178,0.9999546021272738,4,1.0655670566970437,4.5399929762484854e-05,-15631.19750103248,-4.139517372257734,18.661418079380155,SE,9560,14.37986273735164,5052909808.35942,0.0018391609191894531,31299.05637408914,-15631.497813911861,0.30031287938072637,0.5836863399785963,0.9959197742953656,False
sim_g179,2.0611534354931574e-09,4,1.0655670566970437,485165195.4097903,-14013.926823673144,-3.766669843609523,3.150732817501376e-08,SE,9560,141.36721607753572,2.409370654525329e+19,0.0032889842987060547,28064.51501937047,-14013.926849825413,2.6152269128942862e-05,0.9959196928444267,0.9959197742953656,False
sim_g181,0.9999546021272738,4,1.0655670566970437,4.5399929762484854e-05,-16117.324638832177,-4.207012687048708,19.389212205113353,SE,9560,84.40835917910468,29660076301.97993,0.0017290115356445312,32271.310649688534,-16117.413458664283,0.08881983210631006,0.7656828901630549,0.9959197742953656,False
sim_g183,0.9999546021272738,4,1.0655670566970437,4.5399929762484854e-05,-14886.632843041369,-4.31305375936783,19.904747902777352,SE,9560,126.2360285319851,44357813310.746704,0.0033180713653564453,29809.927058106918,-14886.707418003734,0.0745749623656593,0.7847885170916131,0.9959197742953656,False
sim_g190,2.061153435493158e-09,4,1.0655670566970437,485165195.4097903,-16452.753889020853,-4.70399635509237,4.937952336664355e-08,SE,9560,192.41648854997916,3.2794211686594757e+19,0.002755880355834961,32942.169150065885,-16452.753915173147,2.6152294594794512e-05,0.9959196908578387,0.9959197742953656,False
sim_g193,0.9999546021272737,4,1.0655670566970437,4.5399929762484854e-05,-12820.794484084061,-3.6106932844234523,13.881591668680317,SE,9560,876.9034202474699,308133253709.2361,0.0027298927307128906,25678.250340192302,-12820.884917272388,0.09043318832664227,0.7636271670761329,0.9959197742953656,False
sim_g194,2.0611534354931574e-09,4,1.0655670566970437,485165195.4097903,-13627.19315151067,-3.946540574372768,3.4190967652492446e-08,SE,9560,565.4688643101424,9.637482618101316e+19,0.0042688846588134766,27291.04767504552,-13627.193177663019,2.6152349164476618e-05,0.9959196866008678,0.9959197742953656,False
sim_g195,0.9999546021272738,4,1.0655670566970437,4.5399929762484854e-05,-13634.481142607872,-3.8415898811062914,15.759618909532168,SE,9560,526.2706382914467,184925135840.63406,0.003545999526977539,27305.623657239925,-13634.493599144931,0.012456537058824324,0.9111335486858004,0.9959197742953656,False
sim_g196,0.500815211788963,4,1.0655670566970437,0.9967443724024138,-16771.644419283402,-4.5953271666465065,11.550847199383645,SE,9560,973.6747777394024,18237.761881991297,0.006181955337524414,33579.950210590985,-16771.66812213119,0.023702847785898484,0.8776434099957072,0.9959197742953656,False
sim_g200,0.4986165216954045,4,1.0655670566970437,1.0055491786714763,-16681.017258796535,-4.5695961921074835,11.364303445710908,SE,9560,1492.7933350229937,27961.51653945338,0.0022840499877929688,33398.69588961725,-16681.02007748188,0.0028186853451188654,0.9576591692045688,0.9959197742953656,False
sim_g202,0.9999546021272737,4,1.0655670566970437,4.5399929762484854e-05,-14530.698821974616,-3.98699509841181,17.10618176694978,SE,9560,11.696235603718362,4109915698.2492666,0.002162933349609375,29098.059015973413,-14531.022454201568,0.3236322269513039,0.5694329425823454,0.9959197742953656,False
sim_g204,0.9999546021272737,4,1.0655670566970437,4.5399929762484854e-05,-11840.278274961891,-3.4624854929557385,12.675488063027442,SE,9560,204.61342780616204,71898683260.60335,0.005250215530395508,23717.217921947962,-11840.312140578784,0.03386561689330847,0.8539929554148376,0.9959197742953656,False
sim_g206,0.49824469665685295,4,1.0655670566970437,1.0070458596652172,-16390.300385484657,-4.418260407737423,10.621986515931798,SE,9560,878.7164611378245,16459.361588443466,0.0016398429870605469,32817.262142993495,-16390.304396281186,0.004010796528746141,0.9495030505225569,0.9959197742953656,False
sim_g211,2.0611534354931574e-09,4,1.0655670566970437,485165195.4097903,-15574.999642640934,-4.030344055998823,3.661924320675126e-08,SE,9560,277.0797435119699,4.722366482869645e+19,0.003371000289916992,31186.66065730605,-15574.99966879321,2.6152276404900476e-05,0.9959196922768301,0.9959197742953656,False
sim_g214,2.0611534354931574e-09,4,1.0655670566970437,485165195.4097903,-15561.432067798247,-4.202116808837079,3.952505042268123e-08,SE,9560,3.926867113264881,6.692696262570359e+17,0.0017960071563720703,31159.525507620674,-15561.432093949588,2.6151341444347054e-05,0.9959197652136472,0.9959197742953656,False
sim_g215,2.0611534354931574e-09,4,1.0655670566970437,485165195.4097903,-13391.956015024029,-3.877540242152117,3.297794988906113e-08,SE,9560,12.02603053437369,2.0496382304121723e+18,0.003278970718383789,26820.573402072238,-13391.956041175818,2.6151788915740326e-05,0.9959197303059806,0.9959197742953656,False
sim_g216,2.061153435493158e-09,4,1.0655670566970437,485165195.4097903,-16977.668034705886,-4.798567358164944,5.166953931247534e-08,SE,9560,1731.7483969498114,2.9514790517935283e+20,0.0016028881072998047,33991.99744143595,-16977.668060858265,2.6152378268307075e-05,0.9959196843304852,0.9959197742953656,False
sim_g219,0.9999546021272738,4,1.0655670566970437,4.5399929762484854e-05,-14412.340391322865,-3.9223867723975383,16.565681392505535,SE,9560,198.05745185468484,69594992621.16661,0.0015709400177001953,28861.34215466991,-14412.399822972016,0.059431649151520105,0.8073965074786426,0.9959197742953656,False
sim_g220,0.9999546021272738,4,1.0655670566970437,4.5399929762484854e-05,-16053.456944638676,-4.474745696949826,21.688953193355772,SE,9560,728.0133041155815,255815068069.7608,0.0015821456909179688,32143.575261301532,-16053.5449289263,0.08798428762383992,0.7667555288899239,0.9959197742953656,False
sim_g221,0.49910168453247056,4,1.0655670566970437,1.0035996402977332,-14823.985053071006,-4.069650095482576,8.91219830487607,SE,9560,4162.488975028893,77967.05071596403,0.003759145736694336,29684.631478166193,-14823.986244364722,0.001191293715237407,0.972466383128792,0.9959197742953656,False
sim_g224,2.0611534354931574e-09,4,1.0655670566970437,485165195.4097903,-14450.700394603366,-4.02962151067189,3.594941982293021e-08,SE,9560,565.4688643101431,9.637482618101316e+19,0.002749919891357422,28938.06216123091,-14450.700420755911,2.61525456153322e-05,0.9959196712758093,0.9959197742953656,False
sim_g225,2.0611534354931574e-09,4,1.0655670566970437,485165195.4097903,-14206.645584784448,-3.95231495311635,3.4554092453654676e-08,SE,9560,141.3672160775356,2.409370654525329e+19,0.001970052719116211,28449.952541593077,-14206.645610936685,2.61522363871336e-05,0.9959196953986126,0.9959197742953656,False
sim_g226,0.9999546021272737,4,1.0655670566970437,4.5399929762484854e-05,-9982.554399017874,-3.233908949318172,10.921700805066196,SE,9560,772.6486935143618,271499403936.7279,0.0015769004821777344,20001.77017005993,-9982.562187030562,0.007788012688251911,0.9296782023538934,0.9959197742953656,False
sim_g227,0.9999546021272738,4,1.0655670566970437,4.5399929762484854e-05,-15650.645006059396,-4.183770868754973,19.035714427755096,SE,9560,2.433946032089321,855259191.4953603,0.0015380382537841797,31337.951384142973,-15651.52561508393,0.8806090245343512,0.34803492677778747,0.9959197742953656,False
sim_g229,0.9999546021272738,4,1.0655670566970437,4.5399929762484854e-05,-16479.98116220445,-4.428405263134791,21.433810878238052,SE,9560,10149.916686046996,3566557936866.881,0.001544952392578125,32996.62369643308,-16480.012560422372,0.03139821792137809,0.8593548907196892,0.9959197742953656,False
sim_g232,0.5062416248737791,4,1.0655670566970437,0.9753412345013153,-14898.411021832844,-4.037605705195674,8.918519043590978,SE,9560,110.26068532897008,2065.7746857358916,0.0019500255584716797,29833.48341568987,-14898.511539104984,0.10051727213976847,0.7512097681279908,0.9959197742953656,False
sim_g233,0.9999546021272738,4,1.0655670566970437,4.5399929762484854e-05,-9813.946177165239,-3.256402627434513,11.051185549301135,SE,9560,202.7714986648247,71251451642.56268,0.0016198158264160156,19664.553726354658,-9813.98412824478,0.03795107954101695,0.8455414051864286,0.9959197742953656,False
sim_g235,0.9999546021272738,4,1.0655670566970437,4.5399929762484854e-05,-14063.644086698494,-3.8888317744440766,16.219810279342692,SE,9560,215.2880001889116,75649598862.21553,0.0017311573028564453,28163.94954542117,-14063.804634325403,0.16054762690873758,0.6886528298038437,0.9959197742953656,False
sim_g236,0.9999546021272737,4,1.0655670566970437,4.5399929762484854e-05,-9811.436865484335,-3.1765797037458814,10.537891730053309,SE,9560,124.27623422484155,43669165299.44055,0.001573801040649414,19659.53510299285,-9811.488226350666,0.05136086633137893,0.8207119610816507,0.9959197742953656,False
sim_g237,0.9999546021272737,4,1.0655670566970437,4.5399929762484854e-05,-12059.893236035055,-3.5680142220678097,13.449538563666302,SE,9560,137.8906778347769,48453116085.93243,0.001444101333618164,24156.44784409429,-12059.95039492743,0.057158892373990966,0.811044123924498,0.9959197742953656,False
sim_g239,2.0611534354931574e-09,4,1.0655670566970437,485165195.4097903,-11810.749929698562,-3.5408795578880636,2.7270364061730132e-08,SE,9560,30.78663816799666,5.247073869855161e+18,0.0015261173248291016,23658.161231421305,-11810.749955850604,2.615204175526742e-05,0.995919710581862,0.9959197742953656,False
sim_g242,2.0611534354931574e-09,4,1.0655670566970437,485165195.4097903,-12222.182177426948,-3.586719893482401,2.8072163804846313e-08,SE,9560,30.78663816799666,5.247073869855161e+18,0.0015230178833007812,24481.025726878077,-12222.18220357899,2.615204175526742e-05,0.995919710581862,0.9959197742953656,False
sim_g244,0.9999546021272737,4,1.0655670566970437,4.5399929762484854e-05,-14401.707746893302,-4.043058377683844,17.52339856985626,SE,9560,19.17483172745461,6737803905.292418,0.0014750957489013672,28840.076865810785,-14401.950990278086,0.24324338478436403,0.6218733229506619,0.9959197742953656,False
sim_g247,2.0611534354931574e-09,4,1.0655670566970437,485165195.4097903,-14728.407176631212,-4.009811509888309,3.5769550842298275e-08,SE,9560,27707.974351196983,4.722366482869645e+21,0.0014011859893798828,29493.475725286604,-14728.407202783608,2.615239645820111e-05,0.9959196829114966,0.9959197742953656,False
sim_g252,0.9999546021272737,4,1.0655670566970437,4.5399929762484854e-05,-16433.067441301544,-4.612034702059139,23.074492072127033,SE,9560,150.3141978316323,52818590721.750916,0.0016167163848876953,32902.79625462727,-16433.259904791616,0.19246349007153185,0.6608741365918491,0.9959197742953656,False
sim_g253,2.061153435493158e-09,4,1.0655670566970437,485165195.4097903,-14947.190531480985,-4.1475657558990315,3.820882900575796e-08,SE,9560,432.937099237453,7.378697629483821e+19,0.001474142074584961,29931.04243498615,-14947.190557633292,2.6152307327720337e-05,0.9959196898645452,0.9959197742953656,False
sim_g255,0.9999546021272737,4,1.0655670566970437,4.5399929762484854e-05,-9673.491352430061,-3.2093548072569478,10.73403899657474,SE,9560,836.3364256867663,293878502571.1881,0.0014019012451171875,19383.644076884302,-9673.494415983463,0.0030635534021712374,0.955860126220474,0.9959197742953656,False
sim_g256,0.9999546021272737,4,1.0655670566970437,4.5399929762484854e-05,-14964.770360670069,-4.1135570982375045,18.246853558721217,SE,9560,1.0640367792943222,373889652.2694932,0.0014181137084960938,29966.202093364318,-14966.028291263956,1.2579305938870675,0.2620431646935194,0.9035971196328256,False
sim_g262,0.9999546021272738,4,1.0655670566970437,4.5399929762484854e-05,-14601.374407950514,-4.037788091634156,17.531660838262972,SE,9560,0.8703288410007279,305823026.0959669,0.0014798641204833984,29239.41018792521,-14602.880124731042,1.5057167805280187,0.21979383278722553,0.794435540194791,False
sim_g263,0.9999546021272738,4,1.0655670566970437,4.5399929762484854e-05,-11939.379666574674,-3.4343590028828737,12.49627510619834,SE,9560,257.201576281049,90377522459.76329,0.001505136489868164,23915.42070517353,-11939.405391454999,0.025724880324560218,0.8725740427353322,0.9959197742953656,False
sim_g264,0.9999546021272737,4,1.0655670566970437,4.5399929762484854e-05,-14617.840782808638,-4.0199595833526045,17.39241381559221,SE,9560,3.543258982756777,1245058342.6632514,0.0014269351959228516,29272.342937641457,-14618.434033829468,0.5932510208294843,0.44116471554495507,0.9959197742953656,False
sim_g265,2.061153435493158e-09,4,1.0655670566970437,485165195.4097903,-16174.137216270581,-4.453010155787494,4.4428879700503406e-08,SE,9560,69.26993587799245,1.1805916207174113e+19,0.0016090869903564453,32384.935804565343,-16174.137242422777,2.615219636936672e-05,0.9959196985203976,0.9959197742953656,False
sim_g266,2.0611534354931574e-09,4,1.0655670566970437,485165195.4097903,-15248.938364822185,-4.0301636257086795,3.6409293166757516e-08,SE,9560,192.41648854997905,3.2794211686594757e+19,0.001714944839477539,30534.53810166855,-15248.938390974437,2.615225275803823e-05,0.9959196941215195,0.9959197742953656,False
sim_g267,0.9999546021272738,4,1.0655670566970437,4.5399929762484854e-05,-15377.058266800015,-4.1855537208320825,18.96456831330886,SE,9560,465.8364522053186,163689293940.58435,0.0020551681518554688,30790.77790562421,-15377.240984212305,0.18271741229000327,0.6690482654579005,0.9959197742953656,False
sim_g276,0.9999546021272737,4,1.0655670566970437,4.5399929762484854e-05,-12015.367042061003,-3.6301548518322853,13.889682592984826,SE,9560,472.6418526376265,166080629325.51135,0.0033180713653564453,24067.395456146187,-12015.384921507248,0.01787944624447846,0.8936286973746909,0.9959197742953656,False
sim_g278,2.061153435493158e-09,4,1.0655670566970437,485165195.4097903,-14950.888358440192,-4.079967113789559,3.706460706465031e-08,SE,9560,6926.993587799246,1.1805916207174113e+21,0.004197835922241211,29938.438088904564,-14950.888384592567,2.6152374630328268e-05,0.9959196846142829,0.9959197742953656,False
sim_g279,0.9999546021272737,4,1.0655670566970437,4.5399929762484854e-05,-13197.59531003202,-3.902441922401348,16.141829340216628,SE,9560,3300.7482978621497,1159843021721.34,0.0023369789123535156,26431.85199208822,-13197.625291582575,0.029981550555021386,0.8625320986083829,0.9959197742953656,False
sim_g282,2.061153435493158e-09,4,1.0655670566970437,485165195.4097903,-15992.52413595753,-4.257322610488585,4.07830009401862e-08,SE,9560,9.502048817282919,1.619467243782457e+18,0.002595663070678711,32021.70964393924,-15992.524162109272,2.6151741622015834e-05,0.9959197339953947,0.9959197742953656,False
sim_g285,0.9999546021272737,4,1.0655670566970437,4.5399929762484854e-05,-10395.325581198576,-3.4109873953706993,12.139973424794974,SE,9560,39.26186765861407,13796145332.55675,0.001834869384765625,20827.312534421333,-10395.46201290107,0.13643170249270042,0.7118544724343423,0.9959197742953656,False
sim_g286,0.9999546021272737,4,1.0655670566970437,4.5399929762484854e-05,-16437.4436782342,-4.407189028519802,21.23021338331987,SE,9560,95.89315865093495,33695695901.343845,0.003039121627807617,32911.548728492584,-16437.670854155516,0.22717592131448328,0.6336257929113454,0.9959197742953656,False
sim_g288,0.5001073164034923,4,1.0655670566970437,0.9995707379005366,-15055.662084379452,-4.028222637111718,8.79476517009695,SE,9560,309.73313537876675,5801.542865799488,0.0015439987182617188,30147.985540783084,-15055.69350963083,0.03142525137809571,0.8592949882502581,0.9959197742953656,False
sim_g289,0.9999546021272737,4,1.0655670566970437,4.5399929762484854e-05,-16937.10610182548,-4.397991963905045,21.35026037546951,SE,9560,1.454397590375499,511057718.97069794,0.0021848678588867188,33910.87357567514,-16938.038315280402,0.9322134549220209,0.334288419957137,0.9959197742953656,False
sim_g290,2.0611534354931574e-09,4,1.0655670566970437,485165195.4097903,-16431.682710930574,-4.523835171591111,4.593627405232854e-08,SE,9560,57.247880890902884,9.756955543119102e+18,0.0021698474884033203,32900.02679388533,-16431.6827370827,2.6152127247769386e-05,0.9959197039125772,0.9959197742953656,False
sim_g291,2.061153435493158e-09,4,1.0655670566970437,485165195.4097903,-14253.106084148138,-3.8677849057515155,3.321462456134016e-08,SE,9560,44.332758961915204,7.555786372591433e+18,0.0015969276428222656,28542.873540320456,-14253.106110300243,2.6152105419896543e-05,0.9959197056153724,0.9959197742953656,False
sim_g293,0.4996005687796497,4,1.0655670566970437,1.0015989134842715,-15487.470739830094,-3.9125333170801606,8.391603180150378,SE,9560,20916.465037358237,391782.0461222544,0.001928091049194336,31011.60285168437,-15487.471332540845,0.0005927107504248852,0.980576899221067,0.9959197742953656,False
sim_g294,0.9999546021272738,4,1.0655670566970437,4.5399929762484854e-05,-8157.56084906628,-3.1886630376466796,10.481370486525535,SE,9560,276.9292162881656,97309576507.02568,0.00156402587890625,16351.783070156742,-8157.58826195729,0.027412891010499152,0.8684966268228438,0.9959197742953656,False
sim_g295,2.061153435493158e-09,4,1.0655670566970437,485165195.4097903,-9208.636774461804,-3.2340802416426784,2.2386689314483098e-08,SE,9560,32.94646177312365,5.615180122318246e+18,0.0017061233520507812,18453.934920947788,-9208.636800613842,2.6152038117288612e-05,0.9959197108656616,0.9959197742953656,False
sim_g296,0.9999546021272737,4,1.0655670566970437,4.5399929762484854e-05,-11720.366200103668,-3.5997686933421256,13.626907173620811,SE,9560,280.48659552352217,98559596536.04575,0.0019130706787109375,23477.393772231517,-11720.39587264283,0.0296725391617656,0.8632353394255204,0.9959197742953656,False
sim_g297,0.9999546021272737,4,1.0655670566970437,4.5399929762484854e-05,-13438.729112941652,-3.6206557702105355,14.071672459127425,SE,9560,977.6518355237112,343535028053.27576,0.0025179386138916016,26914.119597907484,-13438.76323064553,0.034117703879019246,0.8534566726126812,0.9959197742953656,False
sim_g033,0.18985701393395307,4,2.365932769935914,4.266998989015415,-14311.442256395148,-3.903231610582489,2.9742274840926592,SE,9560,0.0011952855821494885,0.049826440713514546,0.0071179866790771484,28659.545884814477,-14313.7909704618,2.348714066651155,0.1253864019319313,0.4999611007168455,False
sim_g098,0.19229405241485387,4,2.365932769935914,4.200248047084781,-14662.420924280672,-3.9138281876902536,3.0429949333042274,SE,9560,0.0016669244503335848,0.06833745785052978,0.006735086441040039,29361.503220585524,-14665.046257757083,2.6253334764114697,0.1051704073207016,0.4263665161650065,False
sim_g101,0.0352249187589427,4,2.365932769935914,27.38820609075816,-15649.472748468368,-4.206104698318605,0.6717234168650132,SE,9560,0.001605805623909733,1.0824313757089614,0.0017771720886230469,31335.606868960916,-15650.917077976917,1.4443295085493446,0.22944001479610598,0.8097882875156682,False
sim_g107,0.17714682295993378,4,2.365932769935914,4.644901320816815,-15956.15649441065,-4.374643911701562,3.5282344836689665,SE,9560,0.0017725138850208698,0.08104286158386026,0.004846811294555664,31948.97436084548,-15958.4691657281,2.3126713174497127,0.12832334918399035,0.4999611007168455,False
sim_g169,0.14280215922923914,4,2.365932769935914,6.002522598793692,-13642.003653771915,-3.8536718884144143,2.187153182180506,SE,9560,0.0026573634241774773,0.16482437108255424,0.006487131118774414,27320.66867956801,-13643.685985735974,1.6823319640589034,0.19461487732442728,0.7298057899666024,False
sim_g177,2.061094339819071e-09,4,2.365932769935914,485165195.4097903,-11983.349023221715,-3.5763036990257326,2.7842526689945914e-08,SE,9560,141.3591098676962,2.409370654525329e+19,0.0014729499816894531,24003.35941846761,-11983.349049373941,2.6152225473197177e-05,0.9959196962500083,0.9959197742953656,False
sim_g234,2.0610943398190706e-09,4,2.365932769935914,485165195.4097903,-15537.56439330698,-4.255464265970973,4.0439435124082107e-08,SE,9560,0.18030498707614312,3.0731768552618996e+16,0.0030739307403564453,31111.79015863814,-15537.564419464625,2.615764424263034e-05,0.9959192735539112,0.9959197742953656,False
sim_g241,5.1279722458402244e-08,4,2.365932769935914,19500323.7338168,-14145.968690603375,-4.05062919081327,8.993091540707325e-07,SE,9560,0.006230213215421175,1715486176619.387,0.001428842544555664,28328.59875323093,-14145.968717458658,2.6855283067561686e-05,0.9958652144977542,0.9959197742953656,False
sim_g257,0.11668964870552789,4,2.365932769935914,7.569522723408987,-11407.318717183089,-3.5293294721524875,1.4832972030050073,SE,9560,0.0035092914390894197,0.2957177532873098,0.0071489810943603516,22851.298806390358,-11408.306072050713,0.9873548676241626,0.3203897284121331,0.9959197742953656,False
sim_g275,0.12308419874304147,4,2.365932769935914,7.124314820964487,-13019.761914582257,-3.7684506015816095,1.8014426419249456,SE,9560,0.005129447631611922,0.39793692322877217,0.004744052886962891,26076.185201188695,-13020.401054324535,0.6391397422776208,0.4240224806960038,0.9959197742953656,False
sim_g298,0.20316491480220752,4,2.365932769935914,3.921996911493073,-15539.307829950507,-4.2156581647264995,3.731280211283478,SE,9560,0.000928809727503376,0.035478283104525374,0.006830930709838867,31115.277031925194,-15541.634543633343,2.326713682836271,0.12717010185289213,0.4999611007168455,False
sim_g155,2.060335231236051e-09,4,5.253200947491489,485165195.4097903,-14813.60264923262,-4.222928136432585,3.943319360377214e-08,SE,9560,0.0004988240271379662,85083851770094.05,0.0015859603881835938,29663.86667048942,-14813.602675484883,2.6252262614434585e-05,0.9959118998053107,0.9959197742953656,False
sim_g162,2.060335231236051e-09,4,5.253200947491489,485165195.4097903,-7213.502674404197,-3.1244429011683885,2.066707298199048e-08,SE,9560,0.0006484875600722741,110611791802640.34,0.001459360122680664,14463.666720832576,-7213.502700644198,2.6240000806865282e-05,0.9959128546356583,0.9959197742953656,False
sim_g170,2.0603352312360506e-09,4,5.253200947491489,485165195.4097903,-12942.690052303558,-3.766454575548343,3.1049421388537084e-08,SE,9560,0.0027070918470214313,461745603477709.56,0.0014350414276123047,25922.041476631297,-12942.69007849886,2.6195300961262546e-05,0.99591633731546,0.9959197742953656,False
sim_g208,2.060335231236051e-09,4,5.253200947491489,485165195.4097903,-16181.614332804136,-4.399978861758398,4.346676713229151e-08,SE,9560,0.00012184364646781494,20782733371277.633,0.0015039443969726562,32399.890037632453,-16181.614359158524,2.6354387955507264e-05,0.9959039559239259,0.9959197742953656,False
sim_g223,2.0603352312360506e-09,4,5.253200947491489,485165195.4097903,-15587.388271580727,-4.441436060312758,4.3805728469843427e-08,SE,9560,0.0021291608155250726,363168559185547.75,0.0016121864318847656,31211.437915185634,-15587.388297781501,2.6200774300377816e-05,0.9959159107139842,0.9959197742953656,False
sim_g231,2.0603352312360506e-09,4,5.253200947491489,485165195.4097903,-14149.364384366068,-3.787529542744856,3.189718976372527e-08,SE,9560,0.0020234442681055283,345136606911920.1,0.002506256103515625,28335.390140756317,-14149.36441056807,2.620200211822521e-05,0.9959158150218661,0.9959197742953656,False
sim_g238,2.0603352312360506e-09,4,5.253200947491489,485165195.4097903,-7693.159401541619,-3.204473420977475,2.1768671556597746e-08,SE,9560,0.0016550582891198035,282301425916251.44,0.0014710426330566406,15422.980175107421,-7693.159427748834,2.620721443236107e-05,0.9959154088160644,0.9959197742953656,False
sim_g240,2.0603352312360506e-09,4,5.253200947491489,485165195.4097903,-15709.368582141236,-4.103584628472898,3.7936619486217676e-08,SE,9560,0.0012711134318817282,216812384603293.53,0.0013918876647949219,31455.398536306653,-15709.368608356248,2.621501153043937e-05,0.995914801248415,0.9959197742953656,False
sim_g270,2.060335231236051e-09,4,5.253200947491489,485165195.4097903,-15414.7142328037,-4.238622695563085,4.006556490348323e-08,SE,9560,8.972514170180104e-05,15304316234340.576,0.001596212387084961,30866.08983763158,-15414.714259191493,2.638779187691398e-05,0.9959013609214615,0.9959197742953656,False
sim_g284,2.060335231236051e-09,4,5.253200947491489,485165195.4097903,-16224.027510607732,-4.323354102500411,4.212080134747216e-08,SE,9560,0.008907488803287391,1519340319934226.5,0.0035529136657714844,32484.716393239643,-16224.027536783786,2.6176054234383628e-05,0.9959178377925275,0.9959197742953656,False
sim_g020,2.0565146734127473e-09,4,11.663949434823953,485165195.4097903,-11520.087846693117,-3.4131539298923665,2.535538437267918e-08,SE,9560,1.3238027428620128e-05,2266392933276.805,0.0013523101806640625,23076.837065410415,-11520.087873457149,2.6764031645143405e-05,0.9958722451952549,0.9959197742953656,False
sim_g156,2.0565146734127473e-09,4,11.663949434823953,485165195.4097903,-14042.608111857146,-3.939162126437622,3.426063101534143e-08,SE,9560,2.8067282981539223e-05,4805209246516.225,0.001461029052734375,28121.87759573847,-14042.608138429618,2.6572472052066587e-05,0.9958870434877479,0.9959197742953656,False
sim_g184,2.0565146734127473e-09,4,11.663949434823953,485165195.4097903,-16082.859206660942,-4.510330015966006,4.542056035171012e-08,SE,9560,0.0001372782144959146,23502472472126.363,0.0013921260833740234,32202.379785346064,-16082.859233003383,2.6342440833104774e-05,0.9959048844421193,0.9959197742953656,False
sim_g191,2.0565146734127473e-09,4,11.663949434823953,485165195.4097903,-16646.491175240808,-4.711223501957199,4.967576164301305e-08,SE,9560,0.00039110738493838685,66958843993657.26,0.0015368461608886719,33329.643722505796,-16646.4912015058,2.62649919022806e-05,0.9959109088080248,0.9959197742953656,False
sim_g192,2.0565146734127473e-09,4,11.663949434823953,485165195.4097903,-10453.111577955962,-3.4262686664963176,2.5271439487616515e-08,SE,9560,2.20908783725879e-05,3782029528452.889,0.0014238357543945312,20942.884527936105,-10453.111604581882,2.6625919417710975e-05,0.9958829092409733,0.9959197742953656,False
sim_g212,2.0565146734127477e-09,4,11.663949434823953,485165195.4097903,-10852.724361680375,-3.269402077327062,2.3200280573326697e-08,SE,9560,0.00012988225710680126,22236260745954.55,0.0017910003662109375,21742.11009538493,-10852.724388028095,2.6347719540353864e-05,0.9959044741604061,0.9959197742953656,False
sim_g245,2.0565146734127473e-09,4,11.663949434823953,485165195.4097903,-15752.293865739048,-4.415737400687633,4.344702432989621e-08,SE,9560,0.00039685161684739503,67942274997700.48,0.001528024673461914,31541.249103502276,-15752.293892003263,2.6264215193805285e-05,0.9959109692692553,0.9959197742953656,False
sim_g268,2.0565146734127477e-09,4,11.663949434823953,485165195.4097903,-16924.121146710415,-4.507641908981666,4.604225692525381e-08,SE,9560,7.920764290354207e-06,1356060357980.4807,0.0026700496673583984,33884.90366544501,-16924.12117365353,2.69431147899013e-05,0.9958584585529112,0.9959197742953656,False
sim_g280,2.0565146734127473e-09,4,11.663949434823953,485165195.4097903,-13074.326854274783,-3.7804401096753417,3.13174947953179e-08,SE,9560,3.5675553527989395e-05,6107769669049.664,0.0014231204986572266,26185.315080573746,-13074.326880799814,2.6525030989432707e-05,0.9958907166211459,0.9959197742953656,False
sim_g287,2.0565146734127473e-09,4,11.663949434823953,485165195.4097903,-14472.628810501512,-3.8227417157842334,3.261249065674529e-08,SE,9560,0.0002968203611932924,50816601845586.82,0.0013861656188964844,28981.918993027204,-14472.628836783148,2.6281635655323043e-05,0.9959096134249958,0.9959197742953656,False
sim_g292,2.0565146734127473e-09,4,11.663949434823953,485165195.4097903,-11525.0391489373,-3.5085306655530637,2.6717483924977063e-08,SE,9560,0.0003152484978801885,53971558200364.055,0.0015821456909179688,23086.73966989878,-11525.039175215108,2.6277808501617983e-05,0.9959099112559825,0.9959197742953656,False
sim_g002,0.0346572208718021,4,25.89806058782039,27.54890597185484,-17174.387941725538,-5.150542219892447,0.28230130518901325,SE,9560,1.175811654454176e-06,0.0008168949049056895,0.01639389991760254,34385.437255475255,-17248.52566061623,74.13771889069176,0.0,0.0,True
sim_g004,0.12855299984740187,4,25.89806058782039,6.704637505682217,-9375.476820523858,-3.2210103778911594,0.15807516447442135,SE,9560,1.6606813673074316e-06,0.00012054607124232033,0.002622365951538086,18787.615013071896,-9976.620232799363,601.1434122755054,0.0,0.0,True
sim_g016,0.029130589260670216,4,25.89806058782039,32.963102940986104,-16109.176799677467,-4.452085967849784,0.19848366021781813,SE,9560,8.520174921783649e-07,0.0008193779867780542,0.00838613510131836,32255.014971379114,-16181.910925917824,72.734126240357,0.0,0.0,True
sim_g024,0.036625981580917115,4,25.89806058782039,26.014902066724343,-9647.068940938312,-3.339139911453377,0.10457601284194704,SE,9560,1.2573673642767492e-06,0.0007883801551809127,0.019134044647216797,19330.799253900805,-9727.326416254422,80.25747531610978,0.0,0.0,True
sim_g025,0.015579516338785345,4,25.89806058782039,62.49470312799479,-14356.396409542936,-3.877641104069064,0.10986207684848963,SE,9560,9.435627213944535e-07,0.0030021132029353624,0.019752979278564453,28749.454191110053,-14380.951783018025,24.555373475088345,7.220470626956299e-07,4.3322823761737794e-06,True
sim_g026,2.0385759650902594e-09,4,25.89806058782039,485165195.4097903,-16017.189471805992,-4.061006206459115,3.743479857698592e-08,SE,9560,1.1534956176617046e-06,200972995494.06494,0.0014510154724121094,32071.040315636164,-16017.18950001219,2.8206197384861298e-05,0.9957624943504149,0.9959197742953656,False
sim_g034,0.070312662098772,4,25.89806058782039,13.077355005558465,-10348.22252549296,-3.3274134231333545,0.1362051210235346,SE,9560,1.1593613178017635e-06,0.0002253373782777157,0.0022459030151367188,20733.1064230101,-10605.620827791547,257.3983022985867,0.0,0.0,True
sim_g037,2.03857596509026e-09,4,25.89806058782039,485165195.4097903,-14469.67860310318,-3.901062206464273,3.3857805576502435e-08,SE,9560,7.794009776816052e-06,1357946634363.4927,0.0014300346374511719,28976.01857823054,-14469.678630045762,2.6942581826006062e-05,0.9958584995148262,0.9959197742953656,False
sim_g044,0.02273752983369167,4,25.89806058782039,42.50935128609971,-16809.99674885638,-4.3773349190737445,0.1785731461162686,SE,9560,1.1080044210751027e-06,0.0017042077195549823,0.011386871337890625,33656.65486973694,-16853.396157514042,43.39940865766039,4.463229785756084e-11,3.433253681350834e-10,True
sim_g047,0.01831366845025692,4,25.89806058782039,53.0168517903183,-15915.196438173982,-4.242226338039805,0.14647240160626623,SE,9560,9.793763980340175e-07,0.0022804824240200993,0.010956048965454102,31867.054248372144,-15950.074820900678,34.878382726696145,3.509559087788716e-09,2.3928811962195793e-08,True
sim_g049,0.019581412703501867,4,25.89806058782039,49.520389725030896,-7555.050277273182,-3.075993423932909,0.06813515757158287,SE,9560,8.762944175328149e-07,0.0017940731184762262,0.008283138275146484,15146.761926570545,-7589.215046279585,34.16476900640373,5.0637463111513625e-09,3.375830874100908e-08,True
sim_g054,2.03857596509026e-09,4,25.89806058782039,485165195.4097903,-16350.770439715576,-4.5302420283994325,4.599280865869037e-08,SE,9560,2.5924216018426565e-07,45167638864.72264,0.0014498233795166016,32738.202251455332,-16350.770470200125,3.0484548915410414e-05,0.9955946771528711,0.9959197742953656,False
sim_g055,0.032443188487581556,4,25.89806058782039,29.496431878852963,-16683.113715387335,-4.55600255640862,0.22292392451918647,SE,9560,1.1097212542531025e-06,0.0008719881094593536,0.011725902557373047,33402.88880279885,-16748.646742004905,65.5330266175697,5.551115123125783e-16,5.551115123125783e-15,True
sim_g059,2.03857596509026e-09,4,25.89806058782039,485165195.4097903,-11113.610491632877,-3.500691657362046,2.649329293869357e-08,SE,9560,6.534498285254738e-06,1138502543339.203,0.0014429092407226562,22263.882355289934,-11113.610518648224,2.7015346859116107e-05,0.9958529107684616,0.9959197742953656,False
sim_g060,0.018595526390255617,4,25.89806058782039,52.19826828748662,-16442.24514423623,-4.5297105734144,0.16753507633495934,SE,9560,1.2167586036275862e-06,0.0027511599550939275,0.010933637619018555,32921.15166049664,-16476.2963416931,34.051197456872615,5.368086308799036e-09,3.500925853564589e-08,True
sim_g061,2.03857596509026e-09,4,25.89806058782039,485165195.4097903,-14223.593850385922,-3.728678485880935,3.102191195443501e-08,SE,9560,1.1883037878487982e-05,2070376065104.0166,0.0013849735260009766,28483.849072796023,-14223.593877178235,2.6792313292389736e-05,0.995870064883983,0.9959197742953656,False
sim_g062,0.15983636040773805,4,25.89806058782039,5.19882069450788,-10363.027475026203,-3.3316671001782936,0.20091034334187047,SE,9560,1.8282161780763655e-06,9.637994428685023e-05,0.002476215362548828,20762.716322076587,-11082.01424340122,718.9867683750163,0.0,0.0,True
sim_g072,2.0385759650902594e-09,4,25.89806058782039,485165195.4097903,-15082.577006837062,-3.990472726697076,3.565285080180196e-08,SE,9560,1.2440778618625867e-06,216755097026.9076,0.001432180404663086,30201.815385698304,-15082.577034967086,2.8130023565609008e-05,0.9957682200811673,0.9959197742953656,False
sim_g074,2.0385759650902594e-09,4,25.89806058782039,485165195.4097903,-7770.896608177121,-3.206359646345251,2.1803484631257047e-08,SE,9560,4.1011731544517026e-07,71454545753.78625,0.0032372474670410156,15578.454588378425,-7770.896637773824,2.9596702916023787e-05,0.9956593018546546,0.9959197742953656,False
sim_g086,2.0385759650902594e-09,4,25.89806058782039,485165195.4097903,-10663.009779287386,-3.229184000961205,2.261609878885551e-08,SE,9560,4.2163308449249816e-07,73460932744.27246,0.0014691352844238281,21362.68093059895,-10663.009808836778,2.954939191113226e-05,0.9956627725605355,0.9959197742953656,False
sim_g087,0.027481407856802153,4,25.89806058782039,35.00059873179479,-16890.478959507163,-4.830368181170366,0.22748398454552413,SE,9560,1.339676515597353e-06,0.001437993407436018,0.011291742324829102,33817.61929103851,-16935.557449694126,45.07849018696288,1.892930256985892e-11,1.4944186239362305e-10,True
sim_g094,0.08239308540624272,4,25.89806058782039,11.014947959719754,-16514.874694103266,-4.4565229231595405,0.34248337039149646,SE,9560,2.065735334749283e-06,0.00030641152763398943,0.007033824920654297,33066.41076023071,-16691.829513693105,176.95481958983873,0.0,0.0,True
sim_g096,0.024692589838182188,4,25.89806058782039,39.06532303459283,-15656.286996468094,-4.340620326651452,0.1730427450994765,SE,9560,1.2149247003519426e-06,0.0015971177883860922,0.011425971984863281,31349.23536496037,-15696.904984258203,40.6179877901086,1.8509493937557409e-10,1.3882120453168056e-09,True
sim_g097,2.03857596509026e-09,4,25.89806058782039,485165195.4097903,-16092.806315557173,-4.326456941865659,4.207876517514359e-08,SE,9560,1.8220442555941242e-07,31745390824.440742,0.0013439655303955078,32222.274003138526,-16092.80634687702,3.131984703941271e-05,0.995534731168907,0.9959197742953656,False
sim_g100,0.1616120806096501,4,25.89806058782039,5.1308312221407695,-14375.811036331033,-3.602765930521741,0.3442249951753199,SE,9560,2.5961183594317507e-06,0.00013474614836261276,0.0027799606323242188,28788.283444686247,-14885.295047464582,509.48401113354885,0.0,0.0,True
sim_g102,0.0846541560573534,4,25.89806058782039,10.694327213523698,-10600.809038351428,-3.3252743440836374,0.14925180907974367,SE,9560,1.2510044481413378e-06,0.00017731994907782572,0.0025720596313476562,21238.279448727037,-10921.096214664589,320.28717631316067,0.0,0.0,True
sim_g104,2.0385759650902594e-09,4,25.89806058782039,485165195.4097903,-15114.73570649464,-4.080785743153973,3.7174419776249405e-08,SE,9560,1.298145517498961e-07,22617527907.719658,0.0013937950134277344,30266.132785013462,-15114.735738768988,3.227434717700817e-05,0.9954672010287998,0.9959197742953656,False
sim_g109,0.028305381886558876,4,25.89806058782039,33.95293462299032,-15525.95929731344,-4.180738098687274,0.17289290826131873,SE,9560,1.2489976604633844e-06,0.0012679663237744234,0.011368036270141602,31088.57996665106,-15572.678362305287,46.71906499184661,8.19277978791888e-12,6.64279442263693e-11,True
sim_g110,2.03857596509026e-09,4,25.89806058782039,485165195.4097903,-10817.260735584932,-3.3342813983045536,2.4074724224951308e-08,SE,9560,4.771380606156484e-05,8313153846266.156,0.0014760494232177734,21671.182843194045,-10817.260762056758,2.647182554937899e-05,0.995894839972553,0.9959197742953656,False
sim_g112,2.03857596509026e-09,4,25.89806058782039,485165195.4097903,-14313.66952567824,-4.030602020887722,3.589559577117626e-08,SE,9560,9.764883867252903e-07,170133109428.85925,0.001508951187133789,28664.00042338066,-14313.669554062817,2.8384576580720022e-05,0.9957491163611308,0.9959197742953656,False
sim_g118,0.08800621361254064,4,25.89806058782039,10.249320682660917,-15857.605170272622,-4.357188293662224,0.32544890705122514,SE,9560,1.338935776232747e-06,0.0001778791294937042,0.0027060508728027344,31751.871712569424,-16191.752831812119,334.14766153949677,0.0,0.0,True
sim_g122,0.19357072387752472,4,25.89806058782039,4.120435783540698,-8861.4885898175,-3.26842326084477,0.19049245268962653,SE,9560,3.3623308490855677e-06,0.00013666030410090698,0.0026350021362304688,17759.63855165918,-9410.294385675872,548.8057958583722,0.0,0.0,True
sim_g129,2.03857596509026e-09,4,25.89806058782039,485165195.4097903,-14156.277023928444,-3.960859247185239,3.466873655878772e-08,SE,9560,1.1299042519743533e-06,196862683016.5941,0.001409769058227539,28349.215419881068,-14156.277052155974,2.8227530492586084e-05,0.9957608921984721,0.9959197742953656,False
sim_g133,0.02148339466922537,4,25.89806058782039,45.0486552746176,-16214.739575683081,-4.345357931160387,0.16668087449564534,SE,9560,1.0559186802101693e-06,0.0018099783632004813,0.010080099105834961,32466.140523390342,-16250.826987537595,36.08741185451436,1.886616529667151e-09,1.3162440904654543e-08,True
sim_g136,0.10445396061723795,4,25.89806058782039,8.479681574346218,-15942.690705951132,-4.383571715873635,0.36510773746428765,SE,9560,2.3673747742066135e-06,0.0002377208319720829,0.0022940635681152344,31922.042783926445,-16151.852798779339,209.16209282820637,0.0,0.0,True
sim_g143,2.03857596509026e-09,4,25.89806058782039,485165195.4097903,-8848.354971812369,-3.2207646268165595,2.214937587160919e-08,SE,9560,6.187807932350164e-07,107809884724.76924,0.0014069080352783203,17733.371315648918,-8848.355000768832,2.8956463211216033e-05,0.9957065073554271,0.9959197742953656,False
sim_g145,2.03857596509026e-09,4,25.89806058782039,485165195.4097903,-14309.932099519545,-3.770247539953228,3.170753815524554e-08,SE,9560,1.9043316968295687e-07,33179081018.266792,0.0014560222625732422,28656.52557106327,-14309.932130726513,3.1206967832986265e-05,0.9955427849393412,0.9959197742953656,False
sim_g146,2.0385759650902594e-09,4,25.89806058782039,485165195.4097903,-15824.417875636951,-4.412480599721725,4.343727426339198e-08,SE,9560,2.1935557098995767e-06,382182173084.6996,0.0014290809631347656,31685.497123298082,-15824.417903278678,2.7641726774163544e-05,0.9958051093377516,0.9959197742953656,False
sim_g151,2.03857596509026e-09,4,25.89806058782039,485165195.4097903,-16380.4709613585,-4.303942451201768,4.189521748595972e-08,SE,9560,1.3443919528665547e-05,2342327736219.8623,0.0014009475708007812,32797.60329474118,-16380.470988112565,2.6754065402201377e-05,0.9958730137952777,0.9959197742953656,False
sim_g152,2.03857596509026e-09,4,25.89806058782039,485165195.4097903,-10730.99050826524,-3.3499384859409025,2.426968711730481e-08,SE,9560,1.4683052503935927e-06,255822128799.63177,0.0014483928680419922,21498.64238855466,-10730.990536237998,2.797275737975724e-05,0.9957800658310474,0.9959197742953656,False
sim_g164,2.03857596509026e-09,4,25.89806058782039,485165195.4097903,-16422.964073110692,-4.247477351634835,4.093314470279824e-08,SE,9560,5.768643462912205e-06,1005068020135.93,0.0014986991882324219,32882.589518245564,-16422.96410018154,2.70708478637971e-05,0.9958486530505987,0.9959197742953656,False
sim_g168,2.0385759650902594e-09,4,25.89806058782039,485165195.4097903,-14782.183748456315,-3.913162424389452,3.4220964752365204e-08,SE,9560,0.0003939173868715093,68632039866127.695,0.0014081001281738281,29601.02886893681,-14782.183774719957,2.6263642212143168e-05,0.9959110138723755,0.9959197742953656,False
sim_g172,2.03857596509026e-09,4,25.89806058782039,485165195.4097903,-14732.385457206547,-4.202682800210224,3.903650533207255e-08,SE,9560,3.474483927512618e-06,605357690152.0437,0.0015439987182617188,29501.432286437273,-14732.385484542341,2.7335794584359974e-05,0.9958283877509603,0.9959197742953656,False
sim_g174,2.03857596509026e-09,4,25.89806058782039,485165195.4097903,-15665.723636396258,-4.328975427528051,4.182474417403809e-08,SE,9560,5.69034189346237e-06,991425574752.2883,0.001435995101928711,31368.108644816697,-15665.723663473429,2.7077170670963824e-05,0.9958481682782523,0.9959197742953656,False
sim_g176,2.03857596509026e-09,4,25.89806058782039,485165195.4097903,-15414.403023450883,-4.142734853038307,3.8408872032458086e-08,SE,9560,3.2828018474496777e-06,571961012069.4053,0.0020461082458496094,30865.467418925946,-15414.40305082079,2.7369907911634073e-05,0.9958257856333236,0.9959197742953656,False
sim_g182,2.0385759650902594e-09,4,25.89806058782039,485165195.4097903,-16827.657272595447,-4.398375975132803,4.395334068749229e-08,SE,9560,5.5782314475033866e-05,9718926248168.342,0.001402139663696289,33691.97591721507,-16827.65729904329,2.6447843993082643e-05,0.9958966998662849,0.9959197742953656,False
sim_g186,2.03857596509026e-09,4,25.89806058782039,485165195.4097903,-16057.605008806291,-4.395231397048356,4.3289442444701846e-08,SE,9560,2.7323523052684264e-06,476056448873.2692,0.0014979839324951172,32151.871389636763,-16057.605036293136,2.7486845283419825e-05,0.9958168780963587,0.9959197742953656,False
sim_g188,2.03857596509026e-09,4,25.89806058782039,485165195.4097903,-12900.445265304792,-3.5301727310136415,2.7479940614258277e-08,SE,9560,1.4094034116746774e-06,245559689318.98135,0.0014650821685791016,25837.551902633764,-12900.445293315206,2.8010414098389447e-05,0.9957772263907972,0.9959197742953656,False
sim_g189,2.0385759650902594e-09,4,25.89806058782039,485165195.4097903,-16103.20071988678,-4.401508153585317,4.34365260089875e-08,SE,9560,2.164020312348772e-06,377036234749.081,0.001435995101928711,32243.06281179774,-16103.200747538662,2.765188219200354e-05,0.9958043388257805,0.9959197742953656,False
sim_g201,2.0385759650902594e-09,4,25.89806058782039,485165195.4097903,-16587.49031364362,-4.724789657859223,4.98914267225777e-08,SE,9560,8.013715862967882e-06,1396225921762.7102,0.001421213150024414,33211.64199931142,-16587.490340575274,2.6931655156658962e-05,0.9958593393933021,0.9959197742953656,False
sim_g205,2.03857596509026e-09,4,25.89806058782039,485165195.4097903,-11761.559881492081,-3.4620161763272477,2.6117421566713445e-08,SE,9560,5.692651185025195e-06,991827921528.2487,0.0013859272003173828,23559.781135008343,-11761.55990856902,2.707693784032017e-05,0.995848186128474,0.9959197742953656,False
sim_g207,2.03857596509026e-09,4,25.89806058782039,485165195.4097903,-14748.103537915784,-3.9850647238161474,3.5372605508309724e-08,SE,9560,4.8545306385412955e-05,8458025754125.501,0.001438140869140625,29532.868447855748,-14748.10356438487,2.646908615133725e-05,0.9958950523844067,0.9959197742953656,False
sim_g210,2.03857596509026e-09,4,25.89806058782039,485165195.4097903,-16798.72081736564,-4.534828846585772,4.6441189496693195e-08,SE,9560,3.979851476459881e-06,693407639005.1753,0.0015330314636230469,33634.10300675546,-16798.720844623753,2.7258112822892144e-05,0.995834319273998,0.9959197742953656,False
sim_g230,2.0385759650902594e-09,4,25.89806058782039,485165195.4097903,-8765.851219191652,-3.204657131260724,2.1922903441151418e-08,SE,9560,6.716832705907483e-05,11702705831472.26,0.0013859272003173828,17568.363810407485,-8765.85124561328,2.6421626898809336e-05,0.9958987341026347,0.9959197742953656,False
sim_g248,2.03857596509026e-09,4,25.89806058782039,485165195.4097903,-14174.09911953911,-4.054238951284614,3.622011449562034e-08,SE,9560,1.8279806116392007e-06,318488196748.3522,0.0013790130615234375,28384.8596111024,-14174.099147322991,2.7783880796050653e-05,0.9957943366685718,0.9959197742953656,False
sim_g281,2.03857596509026e-09,4,25.89806058782039,485165195.4097903,-14827.627878020532,-3.8016012040656677,3.247239391218285e-08,SE,9560,1.3518482553397738e-05,2355318816726.8726,0.0013899803161621094,29691.917128065244,-14827.627904772924,2.6752391931950115e-05,0.9958731428679055,0.9959197742953656,False
sim_g283,2.03857596509026e-09,4,25.89806058782039,485165195.4097903,-8382.376636178611,-3.1926380796910174,2.1706202074266797e-08,SE,9560,0.00011498771162886482,20034254571254.195,0.0014438629150390625,16801.414644381402,-8382.3766625368,2.6358189643360674e-05,0.9959036605047589,0.9959197742953656,False
sim_g299,2.0385759650902594e-09,4,25.89806058782039,485165195.4097903,-9259.903218928666,-3.1657482950713005,2.1494249945799428e-08,SE,9560,9.696229395587222e-06,1689369458185.7327,0.0015108585357666016,18556.467809881513,-9259.903245789495,2.6860829166253097e-05,0.9958647875698521,0.9959197742953656,False
sim_g000,0.0502996026049043,4,57.50278205150149,17.943163227003858,-14484.948776435147,-3.8568268475586622,0.10089959266022189,SE,9560,3.5106179248474778e-06,0.001232519095705282,0.0027468204498291016,29006.558924894474,-14787.136315410855,302.18753897570787,0.0,0.0,True
sim_g001,0.04539314275674002,4,57.50278205150149,19.985326143050266,-14683.355468792006,-3.838339694173983,0.09607229806508145,SE,9560,3.912752220110197e-06,0.0016541564197306174,0.003063678741455078,29403.372309608192,-14923.772208515114,240.41673972310855,0.0,0.0,True
sim_g008,0.06700008576931725,4,57.50278205150149,13.233757956943379,-16681.88373126705,-4.333710024339486,0.18685635917578453,SE,9560,1.676206454923507e-05,0.0035419951046696697,0.0032570362091064453,33400.42883455828,-16809.75059007467,127.86685880761797,0.0,0.0,True
sim_g011,0.006136582185168456,4,57.50278205150149,153.91363406409502,-12119.02969721835,-3.6375273236290018,0.02680986316716568,SE,9560,1.2531340527512945e-06,0.024717325867294356,0.011810064315795898,24274.72076646088,-12130.397342760867,11.367645542517494,0.0007473455275156526,0.003736727637578263,True
sim_g013,0.07609939158175441,4,57.50278205150149,11.5377469752339,-14853.941333809571,-3.843680397817996,0.14656907340967026,SE,9560,8.040240469295913e-06,0.0013644315619929664,0.002490997314453125,29744.544039643322,-15202.954098073944,349.0127642643729,0.0,0.0,True
sim_g014,0.022973191426192585,4,57.50278205150149,40.41681543323193,-15736.922810816199,-4.323569716261327,0.07858458617808074,SE,9560,2.3558011781409766e-06,0.003552877171611573,0.00675201416015625,31510.506993656578,-15796.416480017178,59.49366920097964,1.2323475573339238e-14,1.192594410323152e-13,True
sim_g017,0.02124035030314404,4,57.50278205150149,43.79165149840337,-17133.41590553011,-4.6298424001640255,0.09314056575624641,SE,9560,9.99959047411867e-06,0.017517706652257298,0.007333993911743164,34303.4931830844,-17151.354474209133,17.938568679022865,2.2815054979252736e-05,0.00012444575443228766,True
sim_g018,0.005202781537108985,4,57.50278205150149,181.7087805807652,-14094.617514298363,-3.811360223017286,0.02915617488449415,SE,9560,1.0074668840825553e-06,0.027538181831635807,0.011490106582641602,28225.896400620906,-14105.672476654461,11.054962356098258,0.0008845014169152066,0.004279845565718742,True
sim_g021,0.01776858908840476,4,57.50278205150149,52.533679032349795,-15732.21046355131,-4.063705094895516,0.06386068798348966,SE,9560,2.113676983755981e-06,0.00521665411617214,0.0070590972900390625,31501.0822991268,-15768.932358569724,36.721895018414216,1.3624065209327796e-09,9.731475149519854e-09,True
sim_g022,0.03426081404229674,4,57.50278205150149,26.787927701689863,-17319.579960157404,-4.800224974551144,0.13235108299404225,SE,9560,3.0617716910069588e-06,0.0021732049110459264,0.003576040267944336,34675.82129233899,-17419.293192478355,99.71323232095165,0.0,0.0,True
sim_g023,0.015342370354208525,4,57.50278205150149,60.99155842033245,-11774.64119904365,-3.6197067742473217,0.03770049429910341,SE,9560,5.973481180190064e-06,0.01957872043311986,0.0073893070220947266,23585.94377011148,-11791.08270270257,16.441503658919828,5.017455256850489e-05,0.0002687922459027048,True
sim_g029,1.9587874063054977e-09,4,57.50278205150149,485165195.4097903,-13133.35211460598,-3.680835141967041,2.9808771472906524e-08,SE,9560,2.7751634593797225e-07,52370837371.685005,0.0013980865478515625,26303.36560123614,-13133.3521447815,3.017552080564201e-05,0.9956170626332957,0.9959197742953656,False
sim_g031,1.958787406305498e-09,4,57.50278205150149,485165195.4097903,-10544.476654698432,-3.2987490720110473,2.3524575322243773e-08,SE,9560,5.605286211487625e-06,1057788259683.9144,0.0014290809631347656,21125.614681421044,-10544.476681746048,2.704761573113501e-05,0.9958504347545678,0.9959197742953656,False
sim_g032,0.007916868759216676,4,57.50278205150149,119.08897621484645,-16342.282443255812,-4.539572260540405,0.05159557703219857,SE,9560,2.510864833315969e-06,0.029976042725261845,0.007366180419921875,32721.226258535804,-16352.479394287337,10.196951031524804,0.0014067304758789145,0.006594049105682412,True
sim_g035,0.04780518426023001,4,57.50278205150149,18.929003789919037,-12902.798892876779,-3.6545816230582204,0.07603801906010045,SE,9560,4.0244722830628775e-06,0.001548815447716048,0.003571033477783203,25842.25915777774,-13084.312366692104,181.5134738153247,0.0,0.0,True
sim_g039,0.2568599012518321,4,57.50278205150149,2.749484822225753,-13409.98818800474,-3.547747845004947,0.37299025962012056,SE,9560,2.8138868904744024e-05,0.0008150793196238775,0.0023097991943359375,26856.63774803366,-13826.829387293626,416.84119928888686,0.0,0.0,True
sim_g043,0.018483636666561054,4,57.50278205150149,50.46462651121399,-14961.986144203616,-4.096701190939264,0.0612205323588491,SE,9560,2.0278666612775293e-06,0.004638677935020705,0.0073528289794921875,29960.633660431413,-15009.527287999686,47.54114379607017,5.3861359816664844e-12,4.488446651388737e-11,True
sim_g045,0.012668698908583692,4,57.50278205150149,74.06411418909904,-12816.442098737112,-3.6529982177475904,0.03762403691977316,SE,9560,1.3506003275283608e-06,0.006421458874431639,0.007061958312988281,25669.545569498405,-12864.330914170107,47.888815432994306,4.510836149052011e-12,3.8664309849017235e-11,True
sim_g046,0.03647288815656893,4,57.50278205150149,25.105607023157827,-12405.484948636751,-3.6134671526813666,0.060190469069816684,SE,9560,4.323179602418151e-06,0.0027317946559286188,0.0028400421142578125,24847.631269297683,-12515.947744590881,110.46279595413034,0.0,0.0,True
sim_g051,0.00788606242430443,4,57.50278205150149,119.55790114082795,-10636.305514201224,-3.4629315272420653,0.025821283167340264,SE,9560,3.295413255427469e-06,0.03964532527112025,0.006779909133911133,21309.272400426627,-10645.350952778674,9.045438577450113,0.0026335104582310143,0.011970502082868246,True
sim_g053,0.02319480289802681,4,57.50278205150149,40.021578826177254,-15200.447211068667,-3.976758230770968,0.06870726994697846,SE,9560,3.9269009614292585e-06,0.005814929970439309,0.006547212600708008,30437.555794161515,-15252.221241537325,51.77403046865766,6.227240945122503e-13,5.661128131929548e-12,True
sim_g063,0.16121770924613996,4,57.50278205150149,4.944398303271153,-15816.049652035059,-4.278594781965915,0.3610752871874269,SE,9560,2.1061869358083437e-05,0.0010969398177420237,0.002259969711303711,31668.760676094298,-16268.444129260963,452.39447722590376,0.0,0.0,True
sim_g064,0.026361333103744687,4,57.50278205150149,35.100021797355225,-15694.042985339729,-4.276612903310518,0.0837649949734249,SE,9560,3.1168474958480964e-06,0.003619459889180786,0.008054971694946289,31424.74734270364,-15770.593494345689,76.55050900595961,0.0,0.0,True
sim_g066,0.09633153329947293,4,57.50278205150149,8.91492301204883,-15683.911351080853,-4.237768936915087,0.21453749586584667,SE,9560,3.145826669421405e-05,0.0036010416487842634,0.0024271011352539062,31404.484074185886,-15775.938195049739,92.02684396888617,0.0,0.0,True
sim_g069,0.019310541236538803,4,57.50278205150149,48.262965433350665,-15384.169195182425,-4.121989898476322,0.06559951245533881,SE,9560,2.4195856092241007e-06,0.005088030060190996,0.0072858333587646484,30804.99976238903,-15439.197232108945,55.028036926520144,1.1879386363489175e-13,1.1136924715771102e-12,True
sim_g070,1.958787406305498e-09,4,57.50278205150149,485165195.4097903,-9580.597909222168,-3.285635298192478,2.3146518173758053e-08,SE,9560,6.3334102566224635e-06,1195194457597.363,0.0014808177947998047,19197.857190468516,-9580.59793621675,2.699458309507463e-05,0.99585450476908,0.9959197742953656,False
sim_g073,0.015605410455377274,4,57.50278205150149,59.94748450226253,-16570.610138612537,-4.459434097312358,0.07139007879447683,SE,9560,2.1468195665801947e-06,0.006808563808669173,0.012018918991088867,33177.881649249255,-16596.65285729614,26.04271868360229,3.339458977125176e-07,2.087161860703235e-06,True
sim_g076,0.004595960753598897,4,57.50278205150149,205.82590295488475,-11778.124925016866,-3.5270831175132926,0.02228020404177681,SE,9560,1.2990174703078567e-06,0.045388357266454196,0.010954856872558594,23592.91122205791,-11785.937070063195,7.812145046329533,0.005189626770995104,0.0228954122249784,True
sim_g077,0.02208783961076708,4,57.50278205150149,42.07494419559195,-12791.098135119937,-3.5902786697632285,0.047464511788221406,SE,9560,3.1383126711392594e-06,0.0051016213993205425,0.006590127944946289,25618.857642264054,-12840.205845772101,49.107710652164315,2.422839706639479e-12,2.1377997411524816e-11,True
sim_g078,0.019845152382920218,4,57.50278205150149,46.93720190636811,-17034.04878094767,-4.7713684159679595,0.09143677085058136,SE,9560,3.5347030595138733e-06,0.00705326139473718,0.007318735122680664,34104.75893391952,-17059.726583646523,25.677802698854066,4.034409306630238e-07,2.4700465142634108e-06,True
sim_g079,1.958787406305498e-09,4,57.50278205150149,485165195.4097903,-8140.108933517869,-3.1508409580616705,2.1125248064967664e-08,SE,9560,9.898551689845985e-08,18679816463.13578,0.0013279914855957031,16316.879239059921,-8140.10896640657,3.288870084361406e-05,0.9954242631511966,0.9959197742953656,False
sim_g080,1.958787406305498e-09,4,57.50278205150149,485165195.4097903,-15941.422857404934,-4.322031853416117,4.189082002536419e-08,SE,9560,4.75664408526411e-07,89763877865.42584,0.0018949508666992188,31919.507086834048,-15941.422886630304,2.9225369871710427e-05,0.9956866176768163,0.9959197742953656,False
sim_g081,0.003208353008421426,4,57.50278205150149,295.25630827907173,-10255.928116707528,-3.2632155973229526,0.015878062011136205,SE,9560,8.971089684045547e-07,0.06395280341904551,0.009567975997924805,20548.517605439236,-10261.365929754202,5.437813046673909,0.019705327032030207,0.08567533492187046,False
sim_g083,1.958787406305498e-09,4,57.50278205150149,485165195.4097903,-10563.123637088254,-3.316722202874651,2.3773930272289702e-08,SE,9560,2.677394751740247e-06,505258184519.81006,0.0022814273834228516,21162.90864620069,-10563.123664535935,2.744768062257208e-05,0.9958198592942573,0.9959197742953656,False
sim_g088,0.049197718391687226,4,57.50278205150149,18.36632203669095,-16548.342200277988,-4.62742146929319,0.14949461181692647,SE,9560,7.780709525157615e-06,0.0028429609088715343,0.002269268035888672,33133.345772580156,-16662.19405556538,113.85185528739021,0.0,0.0,True
sim_g090,1.958787406305498e-09,4,57.50278205150149,485165195.4097903,-11114.337908679561,-3.4478466641233148,2.573661599387056e-08,SE,9560,7.801694292987538e-06,1472278188373.724,0.0014181137084960938,22265.337189383303,-11114.337935590773,2.691121153475251e-05,0.9958609112501037,0.9959197742953656,False
sim_g091,0.008226331153415136,4,57.50278205150149,114.57327509593986,-8573.955309677774,-3.1014276555401348,0.020322459485144388,SE,9560,1.9874729756384735e-06,0.022004041766998658,0.010870933532714844,17184.57199137973,-8584.494922785987,10.539613108212507,0.0011684287631567036,0.005563946491222398,True
sim_g092,0.10695132372554811,4,57.50278205150149,7.935346752502564,-12455.095112666097,-3.425512281420654,0.12626225330201135,SE,9560,1.3448060149461642e-05,0.001300313072429245,0.002590179443359375,24946.851597356374,-12826.132522222393,371.03740955629655,0.0,0.0,True
sim_g093,0.008443556154651106,4,57.50278205150149,111.60123156478124,-16318.732502189472,-4.29578085541262,0.049184208218586344,SE,9560,3.326936055680998e-06,0.0349942957883065,0.006852149963378906,32674.126376403125,-16328.16175120158,9.429249012107903,0.002135517229052142,0.009856233364856038,True
sim_g099,0.009714479782455897,4,57.50278205150149,96.87636218395338,-15642.233742227672,-4.139806418421015,0.047767654559146354,SE,9560,2.4927021691005826e-06,0.019911995076848623,0.011250972747802734,31321.128856479525,-15657.398545547067,15.164803319394196,9.852283373201765e-05,0.0005096008641311257,True
sim_g103,0.006653360515524802,4,57.50278205150149,141.88507444751338,-16181.417179396147,-4.236920493882339,0.04268707900753747,SE,9560,2.69378798581042e-06,0.045296862899797515,0.007146120071411133,32399.495730816474,-16189.473412827587,8.056233431439978,0.004534735996765016,0.020304788045216488,True
sim_g106,0.03809671066328324,4,57.50278205150149,23.995006524371167,-14242.590681391162,-3.920652760686637,0.08207430303914046,SE,9560,3.6433858287140526e-06,0.002123952847325348,0.002212047576904297,28521.842734806505,-14391.167931836822,148.57725044565996,0.0,0.0,True
sim_g108,1.958787406305498e-09,4,57.50278205150149,485165195.4097903,-14333.765646108397,-4.068409277238312,3.653685377850786e-08,SE,9560,1.053980014389027e-06,198899332361.88992,0.0014500617980957031,28704.192664240974,-14333.765674325161,2.8216763894306496e-05,0.9957617007122445,0.9959197742953656,False
sim_g113,0.20791297766367198,4,57.50278205150149,3.620497413608494,-15167.7674856412,-4.142694670826903,0.4183407865432575,SE,9560,3.259717872170097e-05,0.0012094330575491935,0.0023131370544433594,30372.19634330658,-15656.095561063119,488.3280754219195,0.0,0.0,True
sim_g116,0.00925462815403221,4,57.50278205150149,101.73725615762648,-15912.469453254067,-4.419808393135442,0.05198044915131225,SE,9560,1.5713123789991953e-06,0.013803954265560706,0.006903171539306641,31861.600278532314,-15933.562089785657,21.09263653158996,4.376064741240526e-06,2.5246527353310727e-05,True
sim_g117,0.008960617196704948,4,57.50278205150149,105.1065862449685,-13372.57115626592,-3.748131145955978,0.03480161665412184,SE,9560,1.7544503336644682e-06,0.016420892306597625,0.01189112663269043,26781.80368455602,-13386.41268787135,13.841531605430646,0.00019889103686943077,0.0010113103569632073,True
sim_g125,0.011641485429486523,4,57.50278205150149,80.6831882145234,-16217.295359996384,-4.486056254386745,0.06029612072313796,SE,9560,1.998586477148754e-06,0.011205737784852196,0.012111186981201172,32471.252092016948,-16235.635057375892,18.339697379507925,1.8481569293626876e-05,0.00010267538496459376,True
sim_g128,1.958787406305498e-09,4,57.50278205150149,485165195.4097903,-15670.018321701864,-4.279366467961648,4.0947373303029504e-08,SE,9560,8.012101983164566e-08,15119847753.380676,0.0014102458953857422,31376.698015427908,-15670.018355341774,3.3639909815974534e-05,0.9953723016963959,0.9959197742953656,False
sim_g130,1.958787406305498e-09,4,57.50278205150149,485165195.4097903,-14484.332933536643,-3.7553023025520553,3.15652023637738e-08,SE,9560,8.462207321509052e-07,159692533404.604,0.0014770030975341797,29005.327239097467,-14484.332961992952,2.8456308427848853e-05,0.9957437485085847,0.9959197742953656,False
sim_g131,0.06609452322921626,4,57.50278205150149,13.428094538117758,-11700.839385794974,-3.4799789740697453,0.07808337524371584,SE,9560,9.670992935554191e-06,0.002092545126146355,0.0022699832916259766,23438.34014361413,-11905.902170757123,205.06278496214873,0.0,0.0,True
sim_g134,0.04891927845493584,4,57.50278205150149,18.476269056886792,-12202.591978594197,-3.596174100533982,0.0698932514853054,SE,9560,4.336350678243442e-06,0.0016007595679968236,0.002271890640258789,24441.845329212574,-12416.153765930052,213.56178733585512,0.0,0.0,True
sim_g138,1.958787406305498e-09,4,57.50278205150149,485165195.4097903,-8470.65839674545,-3.149044298632492,2.114935679529816e-08,SE,9560,6.115793998033718e-05,11541275227850.51,0.0013527870178222656,16977.97816551508,-8470.658423168898,2.6423447707202286e-05,0.9958985927898955,0.9959197742953656,False
sim_g139,0.0204061812934563,4,57.50278205150149,45.620625691550195,-15323.384386696009,-4.228995631442571,0.06907325190556471,SE,9560,6.9950676115011094e-06,0.013231497518616856,0.007811069488525391,30683.430145416198,-15346.96476684707,23.580380151061036,1.1980285461454798e-06,7.0472267420322345e-06,True
sim_g142,0.00881001230467412,4,57.50278205150149,106.91960201527856,-16923.36730630041,-4.727210438021753,0.059528207337736616,SE,9560,2.048294181251697e-06,0.019819860820167987,0.012688875198364258,33883.395984625,-16938.548106271926,15.180799971516535,9.769169104789643e-05,0.0005096008641311257,True
sim_g144,1.9587874063054977e-09,4,57.50278205150149,485165195.4097903,-9843.62292569963,-3.307554139741047,2.349504611451108e-08,SE,9560,8.461912074158952e-07,159686961714.43774,0.0035147666931152344,19723.90722342344,-9843.622954155988,2.845635754056275e-05,0.9957437448356911,0.9959197742953656,False
sim_g180,1.9587874063054977e-09,4,57.50278205150149,485165195.4097903,-16425.497621052593,-4.4080191250064775,4.379921515287024e-08,SE,9560,3.2437974668479133e-07,61214552616.27935,0.0014677047729492188,32887.656614129366,-16425.497650926165,2.9873572202632204e-05,0.9956390462789464,0.9959197742953656,False
sim_g198,1.958787406305498e-09,4,57.50278205150149,485165195.4097903,-16762.156634051207,-4.524593199807632,4.6219134245706287e-08,SE,9560,1.7795050403706889e-06,335815062555.5475,0.0013699531555175781,33560.974640126595,-16762.15666179235,2.774114182102494e-05,0.9957975725961836,0.9959197742953656,False
sim_g246,1.9587874063054977e-09,4,57.50278205150149,485165195.4097903,-16728.508780828284,-4.552917280956041,4.6720859199361066e-08,SE,9560,2.4842929950185472e-06,468817445639.0842,0.0013508796691894531,33493.67893368075,-16728.508808325365,2.7497080736793578e-05,0.995816099327984,0.9959197742953656,False
sim_g258,1.9587874063054977e-09,4,57.50278205150149,485165195.4097903,-15416.548897819273,-4.423161174321134,4.3361305633325094e-08,SE,9560,9.564988310059873e-06,1805034026212.5532,0.0016770362854003906,30869.759167662727,-15416.548924656976,2.6837702534976415e-05,0.9958665681044391,0.9959197742953656,False
sim_g269,1.958787406305498e-09,4,57.50278205150149,485165195.4097903,-12445.417758353127,-3.690228594480186,2.96990616092581e-08,SE,9560,2.5213363677512054e-06,475807997646.1158,0.0023348331451416016,24927.496888730435,-12445.417785840295,2.7487167244544253e-05,0.9958168535976151,0.9959197742953656,False
sim_g005,0.0020480169438379186,4,127.67635369644353,390.57780251847703,-15693.382800936102,-4.116493629510998,0.012147025359958933,SE,9560,1.9971903115647014e-06,0.34772401282130916,0.005243062973022461,31423.426973896385,-15696.609008045367,3.2262071092645783,0.07246835003759666,0.30195145848998606,False
sim_g010,0.0005251783672958616,4,127.67635369644353,1525.4447649645715,-10546.061847026194,-3.4189245066914142,0.0038631970530111355,SE,9560,3.6209832003402457e-06,9.526640024258846,0.009925127029418945,21128.78506607657,-10546.232384405144,0.17053737895002996,0.6796346629890486,0.9959197742953656,False
sim_g019,0.0006783793306024715,4,127.67635369644353,1180.7668017882409,-7277.346798401853,-3.0547408007065497,0.0033767185849361402,SE,9560,1.6907069343170196e-06,2.667641328661588,0.005072832107543945,14591.354968827889,-7278.295546800737,0.9487483988832537,0.3300380863313732,0.9959197742953656,False
sim_g027,0.0007208033242597387,4,127.67635369644353,1111.2237702281827,-15961.668030543336,-4.370037583432589,0.008095947710549145,SE,9560,2.650895159297948e-06,3.705442855451187,0.006494045257568359,31959.997433110853,-15961.970707423548,0.3026768802119477,0.5822091036945644,0.9959197742953656,False
sim_g030,0.0006867160509549804,4,127.67635369644353,1166.4225834967865,-15532.194673292557,-4.239734556471427,0.007391513141517252,SE,9560,9.995657461351888e-07,1.5391338155881853,0.00503087043762207,31101.050718609295,-15533.025755885159,0.8310825926018879,0.36195967278351115,0.9959197742953656,False
sim_g038,0.001588540675598063,4,127.67635369644353,503.782033190859,-13985.017236268584,-3.89068678927151,0.009000786588855137,SE,9560,4.807059205489504e-06,1.38846275717685,0.003922939300537109,28006.69584456135,-13986.363313114805,1.3460768462209671,0.24596514051742868,0.8580179320375418,False
sim_g040,0.00548711531544963,4,127.67635369644353,145.27730820141423,-16520.977113005974,-4.533505092308207,0.0245722162997765,SE,9560,3.5684739283069974e-06,0.0877975044011952,0.013083934783935547,33078.61559803613,-16532.264872898908,11.287759892933536,0.0007801976297655555,0.0038370375234371584,True
sim_g041,7.680700879001162e-05,4,127.67635369644353,10435.115186064897,-9543.35024323342,-3.1427608892279078,0.0008434424530303,SE,9560,3.6328969514533194e-06,446.032081148167,0.009320974349975586,19123.361858491022,-9543.365239819492,0.014996586070992635,0.9025342880863677,0.9959197742953656,False
sim_g042,0.013688205237218146,4,127.67635369644353,57.756275040551856,-14561.199584112277,-3.9646756967689334,0.03128690006066101,SE,9560,6.776068949950866e-06,0.027712549248158802,0.002309083938598633,29159.060540248734,-14600.74001059661,39.540426484332784,3.2133784522159203e-10,2.351252526011649e-09,True
sim_g048,0.00022565299462639962,4,127.67635369644353,3551.340754051161,-12329.51193269777,-3.532612999538169,0.0025292124256441678,SE,9560,1.9815070352634846e-06,28.20316206713835,0.006161928176879883,24695.68523741972,-12329.618912355283,0.10697965751387528,0.7436093078365675,0.9959197742953656,False
sim_g050,6.732792705834395e-05,4,127.67635369644353,11904.385250105246,-10045.184395076518,-3.3294920203197487,0.0008443977117104462,SE,9560,3.2221416392577335e-06,514.8155870951377,0.00603795051574707,20127.030162177216,-10045.200368155954,0.015973079436662374,0.8994274532421457,0.9959197742953656,False
sim_g052,0.0011161828812191574,4,127.67635369644353,717.3169235548814,-14864.383503596022,-4.075587853013398,0.008582335906132686,SE,9560,3.2772937872341847e-06,1.9135573537864436,0.005870819091796875,29765.428379216224,-14865.151875697866,0.7683721018438519,0.38072112722445783,0.9959197742953656,False
sim_g056,0.000276208814438407,4,127.67635369644353,2901.1751656949805,-8370.66318138675,-3.163820681690115,0.0022285734201864804,SE,9560,5.3751666928677815e-06,51.0731728631709,0.006016969680786133,16777.98773479768,-8370.736618804276,0.07343741752629285,0.7863961159830565,0.9959197742953656,False
sim_g058,0.0010979349854049192,4,127.67635369644353,729.25219412205,-13323.708395854603,-3.888178337998668,0.007416950970246852,SE,9560,1.4393768965869856e-06,0.8685305101481441,0.0048787593841552734,26684.078163733386,-13324.910377900203,1.2019820456007437,0.2729258908372477,0.9166742182843276,False
sim_g065,0.0010221797818407727,4,127.67635369644353,783.3575199155732,-13651.259724147298,-3.7143446405554283,0.006745986358824478,SE,9560,1.5089721238125323e-06,1.050154837226525,0.0053539276123046875,27339.180820318776,-13652.09462053015,0.8348963828520937,0.3608604992847969,0.9959197742953656,False
sim_g067,0.00037364673461936365,4,127.67635369644353,2144.4106886018612,-8657.310955297842,-3.2134782068394876,0.0027707296420634957,SE,9560,6.775195566506612e-07,3.519264567906562,0.008142948150634766,17351.283282619865,-8657.654214269867,0.34325897202506894,0.5579540949112322,0.9959197742953656,False
sim_g068,0.002094102656128248,4,127.67635369644353,381.9645684656353,-10142.626470930096,-3.302117547288512,0.006553131251372941,SE,9560,1.2594108538404177e-06,0.20976698377651415,0.00656890869140625,20321.914313884372,-10146.954507551782,4.3280366216858965,0.037489465832769464,0.1606691392832977,False
sim_g115,0.00020570098403627622,4,127.67635369644353,3895.8815506399264,-10806.927172669515,-3.3900035329973566,0.0021439892941580397,SE,9560,3.3364122414874e-06,57.14197015561175,0.005877971649169922,21650.51571736321,-10806.980822150905,0.05364948138958425,0.81683039370299,0.9959197742953656,False
sim_g121,0.0008214257326725758,4,127.67635369644353,975.0037059636007,-11092.899461467892,-3.468245165353418,0.004997505243172088,SE,9560,1.4855345999279056e-06,1.5995928894078986,0.006349086761474609,22222.460294959965,-11093.949028405044,1.0495669371521217,0.30560684619721024,0.9753409985017348,False
sim_g124,0.0008223481379701919,4,127.67635369644353,973.9091720339776,-11609.126693939874,-3.626352107734209,0.00547907416064688,SE,9560,9.31599642972321e-07,1.00088195071258,0.006748199462890625,23254.914759903928,-11610.2737369501,1.1470430102253886,0.28416900766814157,0.9166742182843276,False
sim_g127,0.00262036101609882,4,127.67635369644353,305.09200421459053,-16047.332917592328,-4.325213202393706,0.01500255160875436,SE,9560,1.5792530310045403e-05,1.6836281022138362,0.0048329830169677734,32131.327207208837,-16047.980598418038,0.6476808257102675,0.4209430671880616,0.9959197742953656,False
sim_g135,1.7999210524830308e-08,4,127.67635369644353,44532593.974866614,-15299.626152774465,-4.310783679365696,4.4954779682019164e-07,SE,9560,3.179944453919738e-05,71070309297.80293,0.0014090538024902344,30635.91367757311,-15299.626182382355,2.9607890610350296e-05,0.9956584815380026,0.9959197742953656,False
sim_g137,0.0007000028245657642,4,127.67635369644353,1144.267468844197,-16796.36608661781,-4.339759143716038,0.008158272620032544,SE,9560,2.1596148971832236e-06,3.2005174453097704,0.005903005599975586,33629.3935452598,-16796.788156359904,0.4220697420932993,0.5159060858596234,0.9959197742953656,False
sim_g140,0.00903685272047315,4,127.67635369644353,87.89653542827419,-10337.251510707167,-3.457939353198563,0.013096149155744505,SE,9560,4.9092263156594094e-06,0.04519047824558277,0.005770683288574219,20711.164393438514,-10365.653167694825,28.401656987658498,9.85808974451885e-08,6.29239770926735e-07,True
sim_g147,0.008284644328280251,4,127.67635369644353,95.94992224268543,-15145.020307027014,-4.228093106507242,0.025301538967786502,SE,9560,4.211849322277238e-06,0.04598788060768987,0.005808115005493164,30326.70198607821,-15165.429617724543,20.40931069752878,6.252485594604451e-06,3.539142789398746e-05,True
sim_g149,0.00019749143608911284,4,127.67635369644353,4057.863292207108,-15518.38387406946,-4.113721639321905,0.0032341514916977873,SE,9560,7.335354115077841e-06,136.2880942523127,0.009264945983886719,31073.4291201631,-15518.449256620479,0.06538255101986579,0.7981824030258844,0.9959197742953656,False
sim_g167,0.0008820020629165179,4,127.67635369644353,907.9849267360642,-15143.982598455223,-4.230526544342561,0.008235617066332503,SE,9560,1.3337067954748671e-05,12.459313777905592,0.005191802978515625,30324.626568934626,-15144.222810699324,0.2402122441017127,0.6240528629221391,0.9959197742953656,False
sim_g185,0.00037396849544031125,4,127.67635369644353,2142.56495758464,-15252.850077515704,-4.167789734355396,0.005046098377407713,SE,9560,1.1110483530979735e-06,5.761240067102726,0.006663799285888672,30542.36152705559,-15253.040791853517,0.19071433781209635,0.6623227442571802,0.9959197742953656,False
sim_g187,0.000787835994955413,4,127.67635369644353,1016.607596713373,-16701.632614288483,-4.645248939010068,0.009636735353508945,SE,9560,1.89327967359729e-06,2.2158768738982824,0.005884885787963867,33439.926600601146,-16702.270364424698,0.6377501362148905,0.424526681559356,0.9959197742953656,False
sim_g197,0.00011737246285479137,4,127.67635369644353,6828.326244716163,-7619.088907594443,-3.214796691045427,0.0012305094596351607,SE,9560,5.115813925688669e-06,269.0113002410627,0.005401134490966797,15274.839187213069,-7619.133231283372,0.04432368892867089,0.8332525420821502,0.9959197742953656,False
sim_g199,0.0005534570044283945,4,127.67635369644353,1447.4618947249648,-9208.892455012337,-3.3268594185526825,0.0036893005143139117,SE,9560,1.2339087689517347e-06,2.9234346304584595,0.006641864776611328,18454.446282048855,-9209.169839024486,0.2773840121481044,0.5984209764844168,0.9959197742953656,False
sim_g203,0.0007421506227086301,4,127.67635369644353,1079.237357092728,-11391.748390648452,-3.4088186568698164,0.004658581117994974,SE,9560,6.127500684767885e-07,0.8080142791556036,0.006227970123291016,22820.158153321085,-11392.644593520683,0.8962028722307878,0.34380190519592113,0.9959197742953656,False
sim_g217,0.0007073836412995855,4,127.67635369644353,1132.3198578257002,-12032.209077704854,-3.429571506322244,0.0046807494153156826,SE,9560,4.831849272410842e-07,0.7012295131600638,0.0069429874420166016,24101.07952743389,-12033.37892278062,1.169845075764897,0.27943307555075536,0.9166742182843276,False
sim_g218,0.0008874695307092291,4,127.67635369644353,902.3861308016259,-16840.901647764564,-4.760739565312221,0.010707031522740794,SE,9560,1.6947419299336283e-06,1.563793955360184,0.0049550533294677734,33718.46466755331,-16841.901848823156,1.0002010585922108,0.3172618624599741,0.9959197742953656,False
sim_g222,0.0012467069027775923,4,127.67635369644353,642.133485397053,-14972.356471299681,-3.9080356751058667,0.008520635386301986,SE,9560,7.643044804939323e-06,3.579074172685969,0.006251096725463867,29981.374314623543,-14972.907055406,0.5505841063186381,0.4580791268025972,0.9959197742953656,False
sim_g228,5.187821658595714e-09,4,127.67635369644353,154506379.9776752,-16833.979505868454,-4.604067677531693,1.5001789601172003e-07,SE,9560,1.6194440609364568e-06,43568382503.35484,0.0023899078369140625,33704.62038376109,-16833.9795364323,3.056384593946859e-05,0.9955889513249603,0.9959197742953656,False
sim_g243,0.00030873087362776204,4,127.67635369644353,2595.4776581689985,-12465.167601734825,-3.5831316875872035,0.003205814327170181,SE,9560,2.9126793454829528e-06,22.154779541267043,0.00593113899230957,24966.99657549383,-12465.306425554449,0.13882381962321233,0.7094531056553575,0.9959197742953656,False
sim_g249,0.0001892746663400042,4,127.67635369644353,4234.057577236442,-13306.065279903898,-3.6248506230546407,0.002382010729570348,SE,9560,1.5277009591438817e-06,30.900951844384547,0.006470918655395508,26648.791931831976,-13306.160072242146,0.09479233824822586,0.7581708718532092,0.9959197742953656,False
sim_g250,0.001319340051953812,4,127.67635369644353,606.7382160880254,-16421.12340072346,-4.39413804153295,0.011265221915686035,SE,9560,2.0969731635030844e-06,0.8770893207329106,0.0052869319915771484,32878.9081734711,-16422.289805361354,1.16640463789372,0.2801412240284271,0.9166742182843276,False
sim_g251,0.0001533440413086977,4,127.67635369644353,5226.343512302311,-14914.792954221452,-4.167604197334376,0.0027043823720591755,SE,9560,1.4960739215750764e-06,46.09699693532522,0.005401134490966797,29866.247280467083,-14914.873888015904,0.08093379445199389,0.7760359275276705,0.9959197742953656,False
sim_g254,0.00021225685559729928,4,127.67635369644353,3775.5266445047682,-11692.220301754543,-3.5116817990802884,0.0023713811961349708,SE,9560,1.0103860743170641e-06,16.252643849281835,0.005077838897705078,23421.101975533267,-11692.327611109973,0.10730935542960651,0.7432284391069715,0.9959197742953656,False
sim_g259,0.0008072544131985318,4,127.67635369644353,992.1339288803954,-16015.460271336295,-4.527422567447906,0.009106373306380167,SE,9560,3.338899204801097e-06,3.7223747936963862,0.0072209835052490234,32067.58191469677,-16015.910737351347,0.4504660150523705,0.502113734298552,0.9959197742953656,False
sim_g260,0.0009582469895475662,4,127.67635369644353,835.6754291681999,-15846.428258425716,-4.224723676165099,0.008817184248937968,SE,9560,8.699853476362648e-07,0.6887601095114408,0.0061550140380859375,31729.517888875613,-15847.939109252215,1.5108508264984266,0.21900930369440919,0.794435540194791,False
sim_g271,2.7543860192205206e-08,4,127.67635369644353,29100914.720251188,-16548.689790663833,-4.29444809230134,6.978412434963079e-07,SE,9560,3.6060614003485103e-05,34415898221.38352,0.00140380859375,33134.04095335185,-16548.689821792406,3.1128573027672246e-05,0.995548386870937,0.9959197742953656,False
sim_g272,0.0008419901051956829,4,127.67635369644353,951.171094746841,-12715.95173396439,-3.3800086486582273,0.005085264945538683,SE,9560,7.673158686933502e-07,0.7864311971355933,0.0050280094146728516,25468.56483995296,-12717.183015093891,1.2312811295014399,0.26715803350231593,0.9107660233033497,False
sim_g273,0.0005173251466762636,4,127.67635369644353,1548.6138475433609,-8711.98986053035,-3.1668392736522053,0.0032276514690420337,SE,9560,1.2067197986503289e-06,3.2718391141315424,0.005083799362182617,17460.64109308488,-8712.310704930951,0.3208444006013451,0.5711006325061148,0.9959197742953656,False
sim_g274,0.0008880122245094403,4,127.67635369644353,901.8341627744858,-12500.311446065825,-3.664124081186988,0.005928728986992337,SE,9560,7.897020452758505e-07,0.7277952467420871,0.0062770843505859375,25037.28426415583,-12501.759405376555,1.447959310729857,0.22885568080472796,0.8097882875156682,False
sim_g277,0.000943173814127964,4,127.67635369644353,849.0434468929722,-14270.361619172098,-3.907025518127251,0.007223608297815692,SE,9560,5.725615523224917e-06,4.6786698883794315,0.005085945129394531,28577.384610368375,-14270.7498819616,0.38826278950182314,0.5332139695739058,0.9959197742953656,False
sim_g006,0.0003460612085161615,4,283.48630642982437,1271.5940501943487,-16859.057878421056,-4.8296775536025285,0.005305696500484182,SE,9560,6.525969093088821e-07,3.9513151632066643,0.0018219947814941406,33754.77712886629,-16859.77149641814,0.7136179970839294,0.3982453347474747,0.9959197742953656,False
sim_g123,0.0007490341313296593,4,283.48630642982437,587.2522572522412,-13312.01385346047,-3.7042685707717524,0.004219517220650583,SE,9560,2.579154482418689e-06,3.338922835664677,0.0016579627990722656,26660.68907894512,-13313.545773049924,1.531919589453537,0.215824577070727,0.794435540194791,False
sim_g209,0.000865613130813209,4,283.48630642982437,508.1030433239158,-16027.25980418143,-4.274887161035728,0.00685851323462703,SE,9560,5.328017641802091e-07,0.5167271440206389,0.0018608570098876953,32091.180980387042,-16030.745452257239,3.485648075808058,0.061903118388561884,0.26156247206434596,False
sim_g213,0.00043651512442819437,4,283.48630642982437,1008.0052927377836,-14944.665933392924,-3.9896340921269404,0.004022145450057928,SE,9560,9.102337350380386e-07,3.4651390444328034,0.0018219947814941406,29925.993238810028,-14945.336929138559,0.6709957456350821,0.4127046600955282,0.9959197742953656,False
sim_g261,0.0004642550781150297,4,283.48630642982437,947.7491261810841,-13518.336567252034,-3.738210505553175,0.003447083300716268,SE,9560,2.362025702271483e-06,7.950379572459004,0.0017290115356445312,27073.33450652825,-13518.515487429802,0.1789201777683047,0.6723028695842381,0.9959197742953656,False
