,C,pval_norm,var_norm,pval_z_sim,pval_sim,var_sim,pval_norm_fdr_bh,pval_z_sim_fdr_bh,pval_sim_fdr_bh,method,is_spatial,pattern_type
sim_g062,0.29384661592694367,0.0,1.3395159586304278e-05,0.0,0.004975124378109453,7.563918867754864e-05,0.0,0.0,0.005368839256952647,geary,1,hotspot
sim_g140,0.3185487530648655,0.0,1.3395159586304278e-05,0.0,0.004975124378109453,6.213642501117047e-05,0.0,0.0,0.005368839256952647,geary,1,hotspot
sim_g102,0.3534564919962266,0.0,1.3395159586304278e-05,0.0,0.004975124378109453,6.56595166665484e-05,0.0,0.0,0.005368839256952647,geary,1,hotspot
sim_g122,0.35621810812278526,0.0,1.3395159586304278e-05,0.0,0.004975124378109453,7.897492605612112e-05,0.0,0.0,0.005368839256952647,geary,1,hotspot
sim_g134,0.3566276898364062,0.0,1.3395159586304278e-05,0.0,0.004975124378109453,6.64909445193584e-05,0.0,0.0,0.005368839256952647,geary,1,hotspot
sim_g004,0.36106771692524126,0.0,1.3395159586304278e-05,0.0,0.004975124378109453,5.6753782037777516e-05,0.0,0.0,0.005368839256952647,geary,1,hotspot
sim_g106,0.3638051812797261,0.0,1.3395159586304278e-05,0.0,0.004975124378109453,6.144457704208086e-05,0.0,0.0,0.005368839256952647,geary,1,hotspot
sim_g000,0.38302034071269914,0.0,1.3395159586304278e-05,0.0,0.004975124378109453,6.093016868129365e-05,0.0,0.0,0.005368839256952647,geary,1,hotspot
sim_g045,0.3972226486337841,0.0,1.3395159586304278e-05,0.0,0.004975124378109453,6.208641934584395e-05,0.0,0.0,0.005368839256952647,geary,1,hotspot
sim_g001,0.40092401391252247,0.0,1.3395159586304278e-05,0.0,0.004975124378109453,5.608274100690525e-05,0.0,0.0,0.005368839256952647,geary,1,hotspot
sim_g034,0.42531002434924947,0.0,1.3395159586304278e-05,0.0,0.004975124378109453,6.616239384366816e-05,0.0,0.0,0.005368839256952647,geary,1,hotspot
sim_g064,0.43371831400408234,0.0,1.3395159586304278e-05,0.0,0.004975124378109453,7.310150894379401e-05,0.0,0.0,0.005368839256952647,geary,1,hotspot
sim_g035,0.43446809661358404,0.0,1.3395159586304278e-05,0.0,0.004975124378109453,5.96660236788054e-05,0.0,0.0,0.005368839256952647,geary,1,hotspot
sim_g076,0.4354451561598707,0.0,1.3395159586304278e-05,0.0,0.004975124378109453,5.8393348199545404e-05,0.0,0.0,0.005368839256952647,geary,1,hotspot
sim_g018,0.43933635779311375,0.0,1.3395159586304278e-05,0.0,0.004975124378109453,5.699525686643872e-05,0.0,0.0,0.005368839256952647,geary,1,hotspot
sim_g081,0.45182715202632273,0.0,1.3395159586304278e-05,0.0,0.004975124378109453,5.671939742609619e-05,0.0,0.0,0.005368839256952647,geary,1,hotspot
sim_g032,0.45531152323211793,0.0,1.3395159586304278e-05,0.0,0.004975124378109453,5.857159478534527e-05,0.0,0.0,0.005368839256952647,geary,1,hotspot
sim_g118,0.470515794080339,0.0,1.3395159586304278e-05,0.0,0.004975124378109453,6.97277801055332e-05,0.0,0.0,0.005368839256952647,geary,1,hotspot
sim_g094,0.4713939597143065,0.0,1.3395159586304278e-05,0.0,0.004975124378109453,5.942915532174568e-05,0.0,0.0,0.005368839256952647,geary,1,hotspot
sim_g049,0.47851812009061073,0.0,1.3395159586304278e-05,0.0,0.004975124378109453,6.032964072747887e-05,0.0,0.0,0.005368839256952647,geary,1,hotspot
sim_g091,0.4854858160010342,0.0,1.3395159586304278e-05,0.0,0.004975124378109453,5.634839623627978e-05,0.0,0.0,0.005368839256952647,geary,1,hotspot
sim_g046,0.48584700233520905,0.0,1.3395159586304278e-05,0.0,0.004975124378109453,4.982386697231998e-05,0.0,0.0,0.005368839256952647,geary,1,hotspot
sim_g016,0.49434958284647484,0.0,1.3395159586304278e-05,0.0,0.004975124378109453,5.489508585754718e-05,0.0,0.0,0.005368839256952647,geary,1,hotspot
sim_g042,0.49669074021194715,0.0,1.3395159586304278e-05,0.0,0.004975124378109453,5.7575384177949866e-05,0.0,0.0,0.005368839256952647,geary,1,hotspot
sim_g077,0.49913652538146436,0.0,1.3395159586304278e-05,0.0,0.004975124378109453,5.5276520452007186e-05,0.0,0.0,0.005368839256952647,geary,1,hotspot
sim_g113,0.5009756926733451,0.0,1.3395159586304278e-05,0.0,0.004975124378109453,5.5980557999120525e-05,0.0,0.0,0.005368839256952647,geary,1,hotspot
sim_g109,0.5053722967022957,0.0,1.3395159586304278e-05,0.0,0.004975124378109453,5.981184609170994e-05,0.0,0.0,0.005368839256952647,geary,1,gp
sim_g121,0.514609977724623,0.0,1.3395159586304278e-05,0.0,0.004975124378109453,5.0475509189512644e-05,0.0,0.0,0.005368839256952647,geary,1,hotspot
sim_g092,0.5168420348503819,0.0,1.3395159586304278e-05,0.0,0.004975124378109453,5.109942873349432e-05,0.0,0.0,0.005368839256952647,geary,1,hotspot
sim_g147,0.5408696833900116,0.0,1.3395159586304278e-05,0.0,0.004975124378109453,4.982378791787808e-05,0.0,0.0,0.005368839256952647,geary,1,hotspot
sim_g040,0.5412916949765787,0.0,1.3395159586304278e-05,0.0,0.004975124378109453,5.253902955072717e-05,0.0,0.0,0.005368839256952647,geary,1,hotspot
sim_g116,0.5467596398727428,0.0,1.3395159586304278e-05,0.0,0.004975124378109453,4.373044688647528e-05,0.0,0.0,0.005368839256952647,geary,1,hotspot
sim_g053,0.5635034971313455,0.0,1.3395159586304278e-05,0.0,0.004975124378109453,5.0847205006662006e-05,0.0,0.0,0.005368839256952647,geary,1,hotspot
sim_g011,0.5682674566277621,0.0,1.3395159586304278e-05,0.0,0.004975124378109453,4.2130293082711256e-05,0.0,0.0,0.005368839256952647,geary,1,hotspot
sim_g131,0.5698232774910221,0.0,1.3395159586304278e-05,0.0,0.004975124378109453,4.4703292469884874e-05,0.0,0.0,0.005368839256952647,geary,1,hotspot
sim_g025,0.5721619560346084,0.0,1.3395159586304278e-05,0.0,0.004975124378109453,4.495361276345873e-05,0.0,0.0,0.005368839256952647,geary,1,gp
sim_g100,0.576789360749453,0.0,1.3395159586304278e-05,0.0,0.004975124378109453,4.4834922796384314e-05,0.0,0.0,0.005368839256952647,geary,1,hotspot
sim_g112,0.5867275365687212,0.0,1.3395159586304278e-05,0.0,0.004975124378109453,5.050911345221846e-05,0.0,0.0,0.005368839256952647,geary,1,gp
sim_g141,0.587983712810062,0.0,1.3395159586304278e-05,0.0,0.004975124378109453,5.1203356458193025e-05,0.0,0.0,0.005368839256952647,geary,1,gp
sim_g095,0.5881247336795501,0.0,1.3395159586304278e-05,0.0,0.004975124378109453,5.236012456300931e-05,0.0,0.0,0.005368839256952647,geary,1,gp
sim_g142,0.5882420058122263,0.0,1.3395159586304278e-05,0.0,0.004975124378109453,4.808698920955258e-05,0.0,0.0,0.005368839256952647,geary,1,gp
sim_g093,0.5942383980262389,0.0,1.3395159586304278e-05,0.0,0.004975124378109453,4.302223679423291e-05,0.0,0.0,0.005368839256952647,geary,1,gp
sim_g038,0.6055708415036135,0.0,1.3395159586304278e-05,0.0,0.004975124378109453,4.52687003187681e-05,0.0,0.0,0.005368839256952647,geary,1,gp
sim_g024,0.6081237571883022,0.0,1.3395159586304278e-05,0.0,0.004975124378109453,3.4602452548736486e-05,0.0,0.0,0.005368839256952647,geary,1,hotspot
sim_g027,0.609389251263118,0.0,1.3395159586304278e-05,0.0,0.004975124378109453,4.4095107720586456e-05,0.0,0.0,0.005368839256952647,geary,1,gp
sim_g069,0.6258403204821144,0.0,1.3395159586304278e-05,0.0,0.004975124378109453,4.557983239257316e-05,0.0,0.0,0.005368839256952647,geary,1,hotspot
sim_g052,0.6364974907060613,0.0,1.3395159586304278e-05,0.0,0.004975124378109453,4.594553323293127e-05,0.0,0.0,0.005368839256952647,geary,1,gp
sim_g048,0.6454109478447677,0.0,1.3395159586304278e-05,0.0,0.004975124378109453,3.903911713447784e-05,0.0,0.0,0.005368839256952647,geary,1,gp
sim_g065,0.6528944927897153,0.0,1.3395159586304278e-05,0.0,0.004975124378109453,3.629027701658968e-05,0.0,0.0,0.005368839256952647,geary,1,gp
sim_g039,0.6627071709284592,0.0,1.3395159586304278e-05,0.0,0.004975124378109453,3.7685477320446524e-05,0.0,0.0,0.005368839256952647,geary,1,hotspot
sim_g130,0.6639076371235837,0.0,1.3395159586304278e-05,0.0,0.004975124378109453,4.894773115072725e-05,0.0,0.0,0.005368839256952647,geary,1,gp
sim_g136,0.671355781627162,0.0,1.3395159586304278e-05,0.0,0.004975124378109453,3.187039119580798e-05,0.0,0.0,0.005368839256952647,geary,1,hotspot
sim_g015,0.6716296844298841,0.0,1.3395159586304278e-05,0.0,0.004975124378109453,3.407786984995378e-05,0.0,0.0,0.005368839256952647,geary,1,gp
sim_g010,0.6733995800410844,0.0,1.3395159586304278e-05,0.0,0.004975124378109453,4.043510179469088e-05,0.0,0.0,0.005368839256952647,geary,1,gp
sim_g088,0.6734532903060501,0.0,1.3395159586304278e-05,0.0,0.004975124378109453,4.4620022779977926e-05,0.0,0.0,0.005368839256952647,geary,1,hotspot
sim_g030,0.6891784455358534,0.0,1.3395159586304278e-05,0.0,0.004975124378109453,3.914919169476353e-05,0.0,0.0,0.005368839256952647,geary,1,gp
sim_g051,0.6996262225849134,0.0,1.3395159586304278e-05,0.0,0.004975124378109453,3.4150947746840605e-05,0.0,0.0,0.005368839256952647,geary,1,gp
sim_g066,0.7008057692719455,0.0,1.3395159586304278e-05,0.0,0.004975124378109453,3.840912158037932e-05,0.0,0.0,0.005368839256952647,geary,1,hotspot
sim_g099,0.7039060614096913,0.0,1.3395159586304278e-05,0.0,0.004975124378109453,3.663002365211872e-05,0.0,0.0,0.005368839256952647,geary,1,gp
sim_g008,0.7046542628625646,0.0,1.3395159586304278e-05,0.0,0.004975124378109453,3.8453944971215406e-05,0.0,0.0,0.005368839256952647,geary,1,hotspot
sim_g119,0.7047052864158052,0.0,1.3395159586304278e-05,0.0,0.004975124378109453,3.061723281648932e-05,0.0,0.0,0.005368839256952647,geary,1,gp
sim_g017,0.7074235851611637,0.0,1.3395159586304278e-05,0.0,0.004975124378109453,3.9234762614148884e-05,0.0,0.0,0.005368839256952647,geary,1,gp
sim_g087,0.7090132953505425,0.0,1.3395159586304278e-05,0.0,0.004975124378109453,3.8312001885664546e-05,0.0,0.0,0.005368839256952647,geary,1,gp
sim_g117,0.7116573277688301,0.0,1.3395159586304278e-05,0.0,0.004975124378109453,3.3293008005166437e-05,0.0,0.0,0.005368839256952647,geary,1,gp
sim_g138,0.7174688721650858,0.0,1.3395159586304278e-05,0.0,0.004975124378109453,3.677164030430104e-05,0.0,0.0,0.005368839256952647,geary,1,gp
sim_g023,0.72188372527025,0.0,1.3395159586304278e-05,0.0,0.004975124378109453,3.441486971410652e-05,0.0,0.0,0.005368839256952647,geary,1,gp
sim_g137,0.7236447581302514,0.0,1.3395159586304278e-05,0.0,0.004975124378109453,3.77341088207794e-05,0.0,0.0,0.005368839256952647,geary,1,gp
sim_g068,0.724504777916039,0.0,1.3395159586304278e-05,0.0,0.004975124378109453,3.184376641386108e-05,0.0,0.0,0.005368839256952647,geary,1,gp
sim_g043,0.7262230857058887,0.0,1.3395159586304278e-05,0.0,0.004975124378109453,3.351768548526151e-05,0.0,0.0,0.005368839256952647,geary,1,stripes
sim_g149,0.731805323802397,0.0,1.3395159586304278e-05,0.0,0.004975124378109453,3.347631202941858e-05,0.0,0.0,0.005368839256952647,geary,1,gp
sim_g033,0.7331412531292463,0.0,1.3395159586304278e-05,0.0,0.004975124378109453,3.380819055416779e-05,0.0,0.0,0.005368839256952647,geary,1,stripes
sim_g084,0.7418614371075,0.0,1.3395159586304278e-05,0.0,0.004975124378109453,2.7803051358106673e-05,0.0,0.0,0.005368839256952647,geary,1,gp
sim_g006,0.7440982582713834,0.0,1.3395159586304278e-05,0.0,0.004975124378109453,3.0454502700342487e-05,0.0,0.0,0.005368839256952647,geary,1,stripes
sim_g120,0.7488485731598234,0.0,1.3395159586304278e-05,0.0,0.004975124378109453,3.182381969522516e-05,0.0,0.0,0.005368839256952647,geary,1,gp
sim_g139,0.7495505795536976,0.0,1.3395159586304278e-05,0.0,0.004975124378109453,2.5353372822515003e-05,0.0,0.0,0.005368839256952647,geary,1,gp
sim_g075,0.7500805417934581,0.0,1.3395159586304278e-05,0.0,0.004975124378109453,2.7455201526915734e-05,0.0,0.0,0.005368839256952647,geary,1,gp
sim_g013,0.7506985770257414,0.0,1.3395159586304278e-05,0.0,0.004975124378109453,2.71388001106872e-05,0.0,0.0,0.005368839256952647,geary,1,hotspot
sim_g029,0.7507301898000072,0.0,1.3395159586304278e-05,0.0,0.004975124378109453,3.157538323127959e-05,0.0,0.0,0.005368839256952647,geary,1,stripes
sim_g082,0.7515972390407256,0.0,1.3395159586304278e-05,0.0,0.004975124378109453,2.8069080743959057e-05,0.0,0.0,0.005368839256952647,geary,1,gp
sim_g078,0.7576417188076597,0.0,1.3395159586304278e-05,0.0,0.004975124378109453,2.4606069143126725e-05,0.0,0.0,0.005368839256952647,geary,1,stripes
sim_g125,0.7585027913270521,0.0,1.3395159586304278e-05,0.0,0.004975124378109453,2.7549871455545347e-05,0.0,0.0,0.005368839256952647,geary,1,stripes
sim_g054,0.7593814650784007,0.0,1.3395159586304278e-05,0.0,0.004975124378109453,3.199533394282857e-05,0.0,0.0,0.005368839256952647,geary,1,gp
sim_g060,0.759981323497398,0.0,1.3395159586304278e-05,0.0,0.004975124378109453,3.08798159465464e-05,0.0,0.0,0.005368839256952647,geary,1,gp
sim_g108,0.7603682116953073,0.0,1.3395159586304278e-05,0.0,0.004975124378109453,2.6547502521096904e-05,0.0,0.0,0.005368839256952647,geary,1,gp
sim_g022,0.7640763625479048,0.0,1.3395159586304278e-05,0.0,0.004975124378109453,2.4117174122496352e-05,0.0,0.0,0.005368839256952647,geary,1,stripes
sim_g014,0.7677474532290742,0.0,1.3395159586304278e-05,0.0,0.004975124378109453,2.674880659313208e-05,0.0,0.0,0.005368839256952647,geary,1,stripes
sim_g146,0.7723500091425879,0.0,1.3395159586304278e-05,0.0,0.004975124378109453,3.306321840199619e-05,0.0,0.0,0.005368839256952647,geary,1,stripes
sim_g101,0.7723565148615157,0.0,1.3395159586304278e-05,0.0,0.004975124378109453,2.825064380984961e-05,0.0,0.0,0.005368839256952647,geary,1,gp
sim_g031,0.7755530624592976,0.0,1.3395159586304278e-05,0.0,0.004975124378109453,2.7278731505696245e-05,0.0,0.0,0.005368839256952647,geary,1,gp
sim_g073,0.7828205409139507,0.0,1.3395159586304278e-05,0.0,0.004975124378109453,2.4066355410982237e-05,0.0,0.0,0.005368839256952647,geary,1,stripes
sim_g002,0.7835428439296807,0.0,1.3395159586304278e-05,0.0,0.004975124378109453,2.769979545671345e-05,0.0,0.0,0.005368839256952647,geary,1,gp
sim_g074,0.7842150270026322,0.0,1.3395159586304278e-05,0.0,0.004975124378109453,2.9973434151115455e-05,0.0,0.0,0.005368839256952647,geary,1,gp
sim_g055,0.7846096643833143,0.0,1.3395159586304278e-05,0.0,0.004975124378109453,2.4816205062519016e-05,0.0,0.0,0.005368839256952647,geary,1,gp
sim_g061,0.7872028151224142,0.0,1.3395159586304278e-05,0.0,0.004975124378109453,2.691598128297357e-05,0.0,0.0,0.005368839256952647,geary,1,gp
sim_g005,0.7919716378662162,0.0,1.3395159586304278e-05,4.234577204261237e-295,0.004975124378109453,3.167186406592501e-05,0.0,1.1548846920712464e-294,0.005368839256952647,geary,1,gp
sim_g123,0.7937964517504523,0.0,1.3395159586304278e-05,0.0,0.004975124378109453,2.3876275133335283e-05,0.0,0.0,0.005368839256952647,geary,1,gp
sim_g129,0.7989188209521674,0.0,1.3395159586304278e-05,0.0,0.004975124378109453,2.360774983964402e-05,0.0,0.0,0.005368839256952647,geary,1,stripes
sim_g103,0.8018839693537648,0.0,1.3395159586304278e-05,0.0,0.004975124378109453,2.242866647068396e-05,0.0,0.0,0.005368839256952647,geary,1,gp
sim_g128,0.8022330970533945,0.0,1.3395159586304278e-05,0.0,0.004975124378109453,2.4291800144006016e-05,0.0,0.0,0.005368839256952647,geary,1,gp
sim_g063,0.8123897137736675,0.0,1.3395159586304278e-05,0.0,0.004975124378109453,2.2849569980161814e-05,0.0,0.0,0.005368839256952647,geary,1,hotspot
sim_g057,0.8126420598373884,0.0,1.3395159586304278e-05,0.0,0.004975124378109453,2.3879412717834686e-05,0.0,0.0,0.005368839256952647,geary,1,stripes
sim_g127,0.8126532999729642,0.0,1.3395159586304278e-05,0.0,0.004975124378109453,2.1232797023427928e-05,0.0,0.0,0.005368839256952647,geary,1,gp
sim_g096,0.8146338722770005,0.0,1.3395159586304278e-05,0.0,0.004975124378109453,1.851737994793638e-05,0.0,0.0,0.005368839256952647,geary,1,gp
sim_g080,0.8147784008199559,0.0,1.3395159586304278e-05,2.810685473707624e-288,0.004975124378109453,2.6600856363003587e-05,0.0,7.528621804573992e-288,0.005368839256952647,geary,1,stripes
sim_g097,0.8161525006760476,0.0,1.3395159586304278e-05,0.0,0.004975124378109453,1.750266546119258e-05,0.0,0.0,0.005368839256952647,geary,1,stripes
sim_g047,0.8180408902934839,0.0,1.3395159586304278e-05,0.0,0.004975124378109453,2.0004448488991442e-05,0.0,0.0,0.005368839256952647,geary,1,stripes
sim_g133,0.8182442160531019,0.0,1.3395159586304278e-05,0.0,0.004975124378109453,2.1015184190274796e-05,0.0,0.0,0.005368839256952647,geary,1,hotspot
sim_g107,0.8189521833104585,0.0,1.3395159586304278e-05,0.0,0.004975124378109453,2.1124490995111576e-05,0.0,0.0,0.005368839256952647,geary,1,stripes
sim_g007,0.8211469824334348,0.0,1.3395159586304278e-05,1.8167459648173607e-260,0.004975124378109453,2.5511063349330105e-05,0.0,4.618845673264476e-260,0.005368839256952647,geary,1,gp
sim_g037,0.8215664088281999,0.0,1.3395159586304278e-05,1.747867566773725e-294,0.004975124378109453,2.3639137023605053e-05,0.0,4.723966396685744e-294,0.005368839256952647,geary,1,gp
sim_g028,0.8222257855620679,0.0,1.3395159586304278e-05,4.9579908529438196e-307,0.004975124378109453,2.25067230809252e-05,0.0,1.3900908933487344e-306,0.005368839256952647,geary,1,stripes
sim_g026,0.8227003105300361,0.0,1.3395159586304278e-05,6.076257914552192e-299,0.004975124378109453,2.2685546226000256e-05,0.0,1.6723645636382178e-298,0.005368839256952647,geary,1,stripes
sim_g021,0.8231392116536016,0.0,1.3395159586304278e-05,2.6290709250595995e-282,0.004975124378109453,2.4124987932558506e-05,0.0,6.918607697525261e-282,0.005368839256952647,geary,1,stripes
sim_g072,0.8238766004573232,0.0,1.3395159586304278e-05,1.1014803001440506e-304,0.004975124378109453,2.2382309227276096e-05,0.0,3.0596675004001405e-304,0.005368839256952647,geary,1,stripes
sim_g044,0.8261673071211523,0.0,1.3395159586304278e-05,9.924300011667177e-261,0.004975124378109453,2.5347538612946625e-05,0.0,2.5446923106838914e-260,0.005368839256952647,geary,1,stripes
sim_g111,0.8290532008567101,0.0,1.3395159586304278e-05,1.97962927228613e-275,0.004975124378109453,2.3495389721364526e-05,0.0,5.1642502755290346e-275,0.005368839256952647,geary,1,stripes
sim_g135,0.8324976124320378,0.0,1.3395159586304278e-05,1.32237190817051e-257,0.004975124378109453,2.3895172900030784e-05,0.0,3.305929770426275e-257,0.005368839256952647,geary,1,gp
sim_g110,0.8345886087157489,0.0,1.3395159586304278e-05,3.504392115073357e-228,0.004975124378109453,2.683044417959651e-05,0.0,8.547297841642335e-228,0.005368839256952647,geary,1,stripes
sim_g104,0.8426935799445454,0.0,1.3395159586304278e-05,9.1702406268739e-260,0.004975124378109453,2.1126715641042368e-05,0.0,2.3118253681194706e-259,0.005368839256952647,geary,1,stripes
sim_g124,0.8488898333019141,0.0,1.3395159586304278e-05,3.882647382865826e-209,0.004975124378109453,2.4149995159831306e-05,0.0,9.171607991021637e-209,0.005368839256952647,geary,1,gp
sim_g086,0.8510473352205141,0.0,1.3395159586304278e-05,2.066485397099172e-265,0.004975124378109453,1.797678867808007e-05,0.0,5.344358785601307e-265,0.005368839256952647,geary,1,stripes
sim_g098,0.8563387466287654,0.0,1.3395159586304278e-05,1.4291776591037576e-286,0.004975124378109453,1.5621791178013812e-05,0.0,3.794276971071923e-286,0.005368839256952647,geary,1,stripes
sim_g070,0.85676341646384,0.0,1.3395159586304278e-05,8.466490835116486e-227,0.004975124378109453,1.8333410300662537e-05,0.0,2.048344556883021e-226,0.005368839256952647,geary,1,stripes
sim_g012,0.8600805077788783,0.0,1.3395159586304278e-05,5.761342062609518e-245,0.004975124378109453,1.6527290476063283e-05,0.0,1.4284319163494673e-244,0.005368839256952647,geary,1,stripes
sim_g071,0.8640083840522469,1.7029586242146935e-302,1.3395159586304278e-05,2.1828534840991927e-240,0.004975124378109453,1.7275363685351796e-05,4.087100698115264e-302,5.367672501883261e-240,0.005368839256952647,geary,1,stripes
sim_g083,0.8656008856295258,1.646936027500266e-295,1.3395159586304278e-05,4.4403911593799404e-212,0.004975124378109453,1.8135474338949363e-05,3.921276255953014e-295,1.0656938782511856e-211,0.005368839256952647,geary,1,gp
sim_g114,0.8681349362283297,1.4549348016959508e-284,1.3395159586304278e-05,1.7369588651336486e-193,0.004975124378109453,2.0346469267332696e-05,3.4368538622738996e-284,3.9777683934358365e-193,0.005368839256952647,geary,1,gp
sim_g050,0.8699939798024612,1.1506306293232226e-276,1.3395159586304278e-05,1.2921020207064986e-209,0.004975124378109453,1.804255800135957e-05,2.6967905374763026e-276,3.0764333826345207e-209,0.005368839256952647,geary,1,stripes
sim_g058,0.8726087229612033,9.552444892945525e-266,1.3395159586304278e-05,1.0303396200011475e-203,0.004975124378109453,1.6993430208989345e-05,2.221498812312913e-265,2.3961386511654594e-203,0.005368839256952647,geary,1,gp
sim_g089,0.8757641734834446,7.284036635040343e-253,1.3395159586304278e-05,2.5279737434139446e-198,0.004975124378109453,1.6628010530804738e-05,1.680931531163156e-252,5.833785561724487e-198,0.005368839256952647,geary,1,gp
sim_g085,0.882432524834847,1.0596855809050834e-226,1.3395159586304278e-05,2.2450227308722163e-208,0.004975124378109453,1.5150869884150539e-05,2.426760872301718e-226,5.2617720254817565e-208,0.005368839256952647,geary,1,stripes
sim_g090,0.8860377065183785,3.715386427127429e-213,1.3395159586304278e-05,9.291664142558646e-182,0.004975124378109453,1.5676449726169584e-05,8.444060061653247e-213,2.1117418505815106e-181,0.005368839256952647,geary,1,stripes
sim_g132,0.8901471680404631,3.133483847525222e-198,1.3395159586304278e-05,1.0886050859108009e-167,0.004975124378109453,1.5278705952203774e-05,7.06800867862832e-198,2.4555001937837612e-167,0.005368839256952647,geary,1,stripes
sim_g148,0.8904412209253032,3.4921437687529484e-197,1.3395159586304278e-05,1.2044631651116432e-126,0.004975124378109453,1.9876181276308394e-05,7.818232318103616e-197,2.599560788010741e-126,0.005368839256952647,geary,1,stripes
sim_g145,0.8909039252530458,1.531163140299181e-195,1.3395159586304278e-05,6.189550354283281e-155,0.004975124378109453,1.703146888026964e-05,3.4025847562204022e-195,1.3653419899154298e-154,0.005368839256952647,geary,1,stripes
sim_g105,0.8925227036100721,7.495087472725192e-190,1.3395159586304278e-05,6.084366947570829e-163,0.004975124378109453,1.5363418600123018e-05,1.6533281189834983e-189,1.3520815439046287e-162,0.005368839256952647,geary,1,stripes
sim_g020,0.9003508055357217,1.555846237245948e-163,1.3395159586304278e-05,3.9365687272427776e-167,0.004975124378109453,1.4042827476745221e-05,3.406962563312295e-163,8.81321356845398e-167,0.005368839256952647,geary,1,stripes
sim_g059,0.9006651503156181,1.611828146635024e-162,1.3395159586304278e-05,2.110506125827037e-133,0.004975124378109453,1.5635186575378135e-05,3.5039742318152696e-162,4.6215462609351175e-133,0.005368839256952647,geary,1,stripes
sim_g009,0.9006807117571912,1.8092558763493146e-162,1.3395159586304278e-05,1.560950967519858e-119,0.004975124378109453,1.8101757469294545e-05,3.904868797876219e-162,3.344894930399695e-119,0.005368839256952647,geary,1,stripes
sim_g115,0.9063179153779233,8.318426493515346e-145,1.3395159586304278e-05,5.26505040142047e-112,0.004975124378109453,1.794794765587259e-05,1.7825199628961455e-144,1.1123345918493952e-111,0.005368839256952647,geary,1,stripes
sim_g144,0.9074797459414184,2.7066548018352874e-141,1.3395159586304278e-05,3.7203617530579196e-118,0.004975124378109453,1.545928449760141e-05,5.758840003904867e-141,7.915663304378553e-118,0.005368839256952647,geary,1,gp
sim_g126,0.910373317939118,9.777203139744776e-133,1.3395159586304278e-05,1.926711552273601e-108,0.004975124378109453,1.5238466835747568e-05,2.0656062971291782e-132,4.013982400570002e-108,0.005368839256952647,geary,1,gp
sim_g036,0.9139343211955451,1.412373964919217e-122,1.3395159586304278e-05,2.6452512708980587e-127,0.004975124378109453,1.3501817967098687e-05,2.963022304026329e-122,5.750546241082736e-127,0.005368839256952647,geary,1,stripes
sim_g079,0.9159973728196747,7.05002015504766e-117,1.3395159586304278e-05,4.842318130700799e-101,0.004975124378109453,1.4562089089907393e-05,1.4687541989682624e-116,1.0018589235932688e-100,0.005368839256952647,geary,1,stripes
sim_g041,0.9168791576969108,1.7446281016005587e-114,1.3395159586304278e-05,8.193104730646729e-112,0.004975124378109453,1.4298206132068492e-05,3.6095753826218456e-114,1.7188331602755374e-111,0.005368839256952647,geary,1,stripes
sim_g056,0.9224504391206637,6.063333749226312e-100,1.3395159586304278e-05,7.453948593843752e-93,0.004975124378109453,1.402858049546138e-05,1.2458904964163654e-99,1.5316332727076202e-92,0.005368839256952647,geary,1,stripes
sim_g143,0.926380695474567,2.7327475785035434e-90,1.3395159586304278e-05,1.3728698016864848e-85,0.004975124378109453,1.3899968781125042e-05,5.577035874497027e-90,2.801775105482622e-85,0.005368839256952647,geary,1,gp
sim_g019,0.9388376104272294,5.421347337683146e-63,1.3395159586304278e-05,2.565700021034382e-75,0.004975124378109453,1.1030189802028167e-05,1.0989217576384754e-62,5.200743285880504e-75,0.005368839256952647,geary,1,gp
sim_g067,0.9399724295753622,9.367911873081696e-61,1.3395159586304278e-05,8.186230763052714e-67,0.004975124378109453,1.4317958415810087e-05,1.8861567529694689e-60,1.6482343818226944e-66,0.005368839256952647,geary,1,stripes
sim_g003,0.9567841032422809,1.77839860601393e-32,1.3395159586304278e-05,8.766135155912103e-45,0.004975124378109453,1.120409657880481e-05,3.55679721202786e-32,1.7532270311824207e-44,0.005368839256952647,geary,1,gp
sim_g198,0.9669643116105681,8.879301878060978e-20,1.3395159586304278e-05,1.9763956558812707e-25,0.004975124378109453,1.01761238684778e-05,1.7640997108730423e-19,3.9007808997656653e-25,0.005368839256952647,geary,0,null
sim_g191,0.967402242689635,2.6301858874316227e-19,1.3395159586304278e-05,8.366158419061536e-26,0.004975124378109453,8.870003025772485e-06,5.19115635677294e-19,1.662150679283749e-25,0.005368839256952647,geary,0,null
sim_g180,0.9706873836022465,5.780212874465528e-16,1.3395159586304278e-05,4.915250760940274e-20,0.004975124378109453,9.656749007385398e-06,1.1333750734246134e-15,9.51338856956182e-20,0.005368839256952647,geary,0,null
sim_g190,0.9712610001917668,2.0421383579087617e-15,1.3395159586304278e-05,2.0533750338254318e-24,0.004975124378109453,7.304409777879934e-06,3.96752020688944e-15,4.0262255565204546e-24,0.005368839256952647,geary,0,null
sim_g196,0.9712627377567385,2.049885440226211e-15,1.3395159586304278e-05,2.0033594904572642e-18,0.004975124378109453,9.28566139710231e-06,3.96752020688944e-15,3.852614404725508e-18,0.005368839256952647,geary,0,null
sim_g286,0.9726104669788416,3.615636790184816e-14,1.3395159586304278e-05,5.932899810520989e-17,0.004975124378109453,9.976300591989743e-06,6.953147673432337e-14,1.1124187144726854e-16,0.005368839256952647,geary,0,null
sim_g187,0.9732547799621257,1.3602116866499621e-13,1.3395159586304278e-05,3.092328600311736e-17,0.004975124378109453,1.100708986979017e-05,2.599130611433049e-13,5.871510000591905e-17,0.005368839256952647,geary,0,null
sim_g289,0.9733100806472569,1.5218701496968868e-13,1.3395159586304278e-05,1.2946697097994613e-20,0.004975124378109453,8.21327935877496e-06,2.8896268665130764e-13,2.522083850258691e-20,0.005368839256952647,geary,0,null
sim_g200,0.9738029773129644,4.099875207922847e-13,1.3395159586304278e-05,3.3188215255257627e-15,0.004975124378109453,9.942908441042859e-06,7.735613599854428e-13,5.926467009867433e-15,0.005368839256952647,geary,0,null
sim_g206,0.9745780016318967,1.8787391413030926e-12,1.3395159586304278e-05,1.2091435132625673e-15,0.004975124378109453,1.0394887393224018e-05,3.5226358899432985e-12,2.172114095681259e-15,0.005368839256952647,geary,0,null
sim_g284,0.974996487025874,4.196493049813073e-12,1.3395159586304278e-05,3.1967631697209396e-16,0.004975124378109453,9.418291748786146e-06,7.819552266732434e-12,5.88361319580541e-16,0.005368839256952647,geary,0,null
sim_g216,0.9751207623170446,5.3144743604405826e-12,1.3395159586304278e-05,4.094094024374847e-16,0.004975124378109453,9.259617022666365e-06,9.841619186001077e-12,7.48919638605155e-16,0.005368839256952647,geary,0,null
sim_g171,0.9755161746029926,1.1182975350564117e-11,1.3395159586304278e-05,7.145186070633789e-18,0.004975124378109453,7.209899453224841e-06,2.0582163221897148e-11,1.365322179101998e-17,0.005368839256952647,geary,0,null
sim_g250,0.9759708796990629,2.5939486132203195e-11,1.3395159586304278e-05,3.213953526910575e-14,0.004975124378109453,1.0091891580541116e-05,4.74502795101278e-11,5.6716826945480744e-14,0.005368839256952647,geary,0,null
sim_g154,0.9761675635683592,3.715208393785601e-11,1.3395159586304278e-05,1.3401063650258756e-16,0.004975124378109453,8.451416894856484e-06,6.754924352337456e-11,2.481678453751621e-16,0.005368839256952647,geary,0,null
sim_g181,0.9764068376301979,5.729732227577907e-11,1.3395159586304278e-05,3.544022364465965e-17,0.004975124378109453,8.678394768011848e-06,1.0354937760682965e-10,6.686834649935783e-17,0.005368839256952647,geary,0,null
sim_g218,0.9768065469099356,1.170549843889774e-10,1.3395159586304278e-05,5.775038262194546e-14,0.004975124378109453,8.388190122934813e-06,2.1027841507001928e-10,1.0131646074025521e-13,0.005368839256952647,geary,0,null
sim_g271,0.9769411935778127,1.485121448153654e-10,1.3395159586304278e-05,7.359231736689655e-16,0.004975124378109453,7.772677264392086e-06,2.652002585988668e-10,1.329981639160781e-15,0.005368839256952647,geary,0,null
sim_g204,0.9771764205320915,2.2437428917503714e-10,1.3395159586304278e-05,2.2575228190977294e-11,0.004975124378109453,7.439115187786743e-06,3.9829755474858665e-10,3.660847814753075e-11,0.005368839256952647,geary,0,null
sim_g151,0.9771971317821403,2.3263135308358937e-10,1.3395159586304278e-05,6.752343619596877e-16,0.004975124378109453,9.02530716971117e-06,4.1052591720633417e-10,1.2276988399267048e-15,0.005368839256952647,geary,0,null
sim_g182,0.9779651103328364,8.690699184959729e-10,1.3395159586304278e-05,8.731354756173275e-17,0.004975124378109453,8.114856113025643e-06,1.5246840675367946e-09,1.62696051357266e-16,0.005368839256952647,geary,0,null
sim_g174,0.978128207971837,1.1434311295451221e-09,1.3395159586304278e-05,1.2027740578423571e-10,0.004975124378109453,8.893955698240204e-06,1.9943566212996314e-09,1.859959883261377e-10,0.005368839256952647,geary,0,null
sim_g160,0.9781319607087557,1.150646091413293e-09,1.3395159586304278e-05,2.88277873744275e-13,0.004975124378109453,9.132090519078466e-06,1.9953400429132247e-09,4.99903827302211e-13,0.005368839256952647,geary,0,null
sim_g229,0.9781599881519486,1.2059516092998738e-09,1.3395159586304278e-05,1.7594679606810476e-12,0.004975124378109453,9.631655311977715e-06,2.0792269125859893e-09,2.96539543935008e-12,0.005368839256952647,geary,0,null
sim_g209,0.9782479699527792,1.3969130917349642e-09,1.3395159586304278e-05,3.527945628227848e-12,0.004975124378109453,8.325902306346933e-06,2.3947081572599385e-09,5.905098005331286e-12,0.005368839256952647,geary,0,null
sim_g256,0.9784087634753786,1.8247710899394088e-09,1.3395159586304278e-05,3.303898933277216e-11,0.004975124378109453,7.875658230347827e-06,3.099577276178713e-09,5.2721791488466204e-11,0.005368839256952647,geary,0,null
sim_g210,0.9784100791288185,1.8287505929454405e-09,1.3395159586304278e-05,6.565665512194134e-13,0.004975124378109453,8.904806134963992e-06,3.099577276178713e-09,1.12554265923328e-12,0.005368839256952647,geary,0,null
sim_g290,0.9786530033935713,2.728373041405575e-09,1.3395159586304278e-05,2.5836324267184164e-11,0.004975124378109453,9.816115254647076e-06,4.598381530458834e-09,4.1448648556979944e-11,0.005368839256952647,geary,0,null
sim_g165,0.9786723751259178,2.8162998381729334e-09,1.3395159586304278e-05,9.67982540209711e-12,0.004975124378109453,9.54962648269304e-06,4.7200555947032405e-09,1.5868566232946082e-11,0.005368839256952647,geary,0,null
sim_g252,0.9789726127795834,4.588390142158221e-09,1.3395159586304278e-05,1.5224659026403621e-09,0.004975124378109453,9.647061406641602e-06,7.647316903597035e-09,2.2610879742183597e-09,0.005368839256952647,geary,0,null
sim_g246,0.9790356325767724,5.079180085598621e-09,1.3395159586304278e-05,3.4916547508065036e-15,0.004975124378109453,7.1675144626870536e-06,8.418530528616497e-09,6.198203699656515e-15,0.005368839256952647,geary,0,null
sim_g281,0.9793826923232336,8.842918602179501e-09,1.3395159586304278e-05,3.5430588031987714e-12,0.004975124378109453,1.0759512083651475e-05,1.4576239454142034e-08,5.905098005331286e-12,0.005368839256952647,geary,0,null
sim_g189,0.979401454030606,9.109715910633576e-09,1.3395159586304278e-05,2.257471896765667e-11,0.004975124378109453,9.01615278947293e-06,1.493396050923537e-08,3.660847814753075e-11,0.005368839256952647,geary,0,null
sim_g153,0.9795248845716545,1.1070207215649781e-08,1.3395159586304278e-05,3.054961668564361e-13,0.004975124378109453,8.403264337697121e-06,1.8049250895081168e-08,5.267175290628209e-13,0.005368839256952647,geary,0,null
sim_g298,0.979645336360196,1.3375205401213844e-08,1.3395159586304278e-05,9.232236130110565e-12,0.004975124378109453,9.348371125695348e-06,2.1689522272238666e-08,1.5217971643039392e-11,0.005368839256952647,geary,0,null
sim_g224,0.9798050099332523,1.7158845829482225e-08,1.3395159586304278e-05,5.882845690595412e-12,0.004975124378109453,9.746884440333787e-06,2.7675557789487458e-08,9.750572967837697e-12,0.005368839256952647,geary,0,null
sim_g207,0.9799692406088765,2.212712205354835e-08,1.3395159586304278e-05,1.0741313124820354e-13,0.004975124378109453,9.086665367291407e-06,3.5498056770398425e-08,1.873484847352387e-13,0.005368839256952647,geary,0,null
sim_g267,0.9800618078665966,2.5515095958281835e-08,1.3395159586304278e-05,3.764711860501998e-11,0.004975124378109453,9.04523778611369e-06,4.0715578656832715e-08,5.944281885003156e-11,0.005368839256952647,geary,0,null
sim_g293,0.9801610689336597,2.970596847995011e-08,1.3395159586304278e-05,9.019823444378612e-11,0.004975124378109453,8.822982412986759e-06,4.715233092055573e-08,1.409347413184158e-10,0.005368839256952647,geary,0,null
sim_g184,0.9801975285264888,3.140691914806096e-08,1.3395159586304278e-05,4.192905508556197e-09,0.004975124378109453,9.64314495666941e-06,4.958987233904362e-08,6.1061730707129086e-09,0.005368839256952647,geary,0,null
sim_g268,0.9803507132973643,3.9643033330661844e-08,1.3395159586304278e-05,8.017378633053568e-13,0.004975124378109453,8.159827049743377e-06,6.226654449842174e-08,1.366598630634131e-12,0.005368839256952647,geary,0,null
sim_g223,0.9809940673524878,1.0348658761560248e-07,1.3395159586304278e-05,1.0543309240042537e-10,0.004975124378109453,8.727942225789381e-06,1.6169779314937888e-07,1.6388563585558347e-10,0.005368839256952647,geary,0,null
sim_g253,0.9811115372932802,1.2290438658607046e-07,1.3395159586304278e-05,2.2235187956601926e-09,0.004975124378109453,9.645659994866181e-06,1.910430879576225e-07,3.269880581853224e-09,0.005368839256952647,geary,0,null
sim_g241,0.9815835697312785,2.428285521248119e-07,1.3395159586304278e-05,2.5235753302196034e-10,0.004975124378109453,9.148888067786243e-06,3.755080702961009e-07,3.862615301356536e-10,0.005368839256952647,geary,0,null
sim_g247,0.9816628510684982,2.718218015076331e-07,1.3395159586304278e-05,3.674757056893659e-11,0.004975124378109453,6.3555446420186495e-06,4.181873869348202e-07,5.832947709355014e-11,0.005368839256952647,geary,0,null
sim_g164,0.9817286342366108,2.983865374608792e-07,1.3395159586304278e-05,1.142583765388003e-09,0.004975124378109453,9.466121882277908e-06,4.567140879503253e-07,1.7138756480820047e-09,0.005368839256952647,geary,0,null
sim_g166,0.9818004672635624,3.302503990934858e-07,1.3395159586304278e-05,2.2829569117058558e-11,0.004975124378109453,7.103465602118587e-06,5.029193894824657e-07,3.682188567267509e-11,0.005368839256952647,geary,0,null
sim_g265,0.981909588924104,3.8500972973409566e-07,1.3395159586304278e-05,2.0693531017530757e-10,0.004975124378109453,7.102249748240573e-06,5.833480753546904e-07,3.183620156543193e-10,0.005368839256952647,geary,0,null
sim_g159,0.9821877827125832,5.670811924802341e-07,1.3395159586304278e-05,1.320745129386859e-09,0.004975124378109453,8.982776025927224e-06,8.548962700707047e-07,1.9712613871445658e-09,0.005368839256952647,geary,0,null
sim_g260,0.9824222128119385,7.824942637561837e-07,1.3395159586304278e-05,1.0429464586079536e-09,0.004975124378109453,9.546978984085812e-06,1.1737413956342756e-06,1.5722810933788245e-09,0.005368839256952647,geary,0,null
sim_g194,0.9827502607140854,1.219756192098004e-06,1.3395159586304278e-05,1.3591579747504994e-06,0.004975124378109453,8.135504245972038e-06,1.8205316299970207e-06,1.7425102240391017e-06,0.005368839256952647,geary,0,null
sim_g178,0.9828939779999804,1.4780023122975828e-06,1.3395159586304278e-05,1.5684055141747939e-07,0.004975124378109453,9.33178883749747e-06,2.195052939055816e-06,2.1290572590608062e-07,0.005368839256952647,geary,0,null
sim_g211,0.9830142187470492,1.7336345159311223e-06,1.3395159586304278e-05,1.4551988147294984e-12,0.004975124378109453,7.105538268349147e-06,2.562021452114959e-06,2.466438669033048e-12,0.005368839256952647,geary,0,null
sim_g282,0.9831446916525576,2.0588515575615335e-06,1.3395159586304278e-05,2.6576438641366013e-07,0.004975124378109453,9.950883745963783e-06,3.027722878766961e-06,3.5593444608972336e-07,0.005368839256952647,geary,0,null
sim_g295,0.9831735689918231,2.1383522331667715e-06,1.3395159586304278e-05,4.721012080125737e-06,0.004975124378109453,7.078325214400717e-06,3.129295950975763e-06,5.734022769383486e-06,0.005368839256952647,geary,0,null
sim_g214,0.983429585320583,2.9841370172040226e-06,1.3395159586304278e-05,4.458410400902584e-11,0.004975124378109453,7.946472296353925e-06,4.345830607578674e-06,7.00273884958521e-11,0.005368839256952647,geary,0,null
sim_g161,0.983632219411004,3.871949535676497e-06,1.3395159586304278e-05,0.00014155391184435056,0.004975124378109453,7.6115640596082275e-06,5.611521066197822e-06,0.00016208463188284417,0.005368839256952647,geary,0,null
sim_g176,0.9837672170333622,4.598071986307225e-06,1.3395159586304278e-05,1.1806397494004038e-08,0.004975124378109453,9.66400575982808e-06,6.6318345956354196e-06,1.678634714787304e-08,0.005368839256952647,geary,0,null
sim_g258,0.98377733588175,4.657448449116463e-06,1.3395159586304278e-05,4.881634661155184e-09,0.004975124378109453,8.45018176772421e-06,6.685332702081048e-06,7.007131092567249e-09,0.005368839256952647,geary,0,null
sim_g217,0.9837817297433803,4.683458694867509e-06,1.3395159586304278e-05,5.193953948900913e-10,0.004975124378109453,6.436984696638099e-06,6.690655278382156e-06,7.909574541473473e-10,0.005368839256952647,geary,0,null
sim_g228,0.9839012583169667,5.446677509990074e-06,1.3395159586304278e-05,4.492492675859408e-09,0.004975124378109453,8.199946152149227e-06,7.744091246431384e-06,6.5108589505208815e-09,0.005368839256952647,geary,0,null
sim_g158,0.9839715557089277,5.949551619978206e-06,1.3395159586304278e-05,5.367637985707068e-08,0.004975124378109453,8.78508495699676e-06,8.419176820723877e-06,7.420697676092721e-08,0.005368839256952647,geary,0,null
sim_g220,0.9839969185307263,6.141632789344281e-06,1.3395159586304278e-05,2.8762855795008916e-09,0.004975124378109453,7.64037163440028e-06,8.650187027245467e-06,4.209198409025695e-09,0.005368839256952647,geary,0,null
sim_g266,0.9840322050228487,6.418736145488859e-06,1.3395159586304278e-05,4.5582110003562514e-09,0.004975124378109453,8.039099514365663e-06,8.998228241339522e-06,6.574342788975362e-09,0.005368839256952647,geary,0,null
sim_g249,0.9842124498318514,8.030537271619099e-06,1.3395159586304278e-05,1.6777897205166792e-09,0.004975124378109453,7.485008763796795e-06,1.1205400844119672e-05,2.4794921978079e-09,0.005368839256952647,geary,0,null
sim_g208,0.9843281230159664,9.260882861676895e-06,1.3395159586304278e-05,1.7462381753401154e-08,0.004975124378109453,8.229944095327852e-06,1.2862337307884577e-05,2.471091757556767e-08,0.005368839256952647,geary,0,null
sim_g169,0.9843330471358727,9.317052332294105e-06,1.3395159586304278e-05,2.1213674989124553e-08,0.004975124378109453,6.877122163774356e-06,1.2880717510084015e-05,2.987841547764022e-08,0.005368839256952647,geary,0,null
sim_g186,0.9844287296348158,1.0475112334645985e-05,1.3395159586304278e-05,2.327399708176377e-08,0.004975124378109453,8.680211157684345e-06,1.4415292203641265e-05,3.262709871275294e-08,0.005368839256952647,geary,0,null
sim_g259,0.9846064454970042,1.299890566038672e-05,1.3395159586304278e-05,5.543785006684966e-10,0.004975124378109453,8.675190787349231e-06,1.7806720082721534e-05,8.399674252552979e-10,0.005368839256952647,geary,0,null
sim_g262,0.984699322903076,1.4538222711649502e-05,1.3395159586304278e-05,4.310424760998811e-07,0.004975124378109453,8.882439122726263e-06,1.982484915224932e-05,5.671611527630014e-07,0.005368839256952647,geary,0,null
sim_g150,0.9848344352809847,1.708994448035935e-05,1.3395159586304278e-05,4.024682817188626e-07,0.004975124378109453,9.371002148821096e-06,2.3199019656596405e-05,5.318964075579682e-07,0.005368839256952647,geary,0,null
sim_g283,0.9849198816459277,1.891743844702075e-05,1.3395159586304278e-05,0.0002902387341975104,0.004975124378109453,6.409689136029583e-06,2.5564106009487502e-05,0.0003261109373005735,0.005368839256952647,geary,0,null
sim_g244,0.9849335852725946,1.922725929203154e-05,1.3395159586304278e-05,4.7960418999950785e-05,0.004975124378109453,9.028371449584411e-06,2.586626810587203e-05,5.598492490266629e-05,0.005368839256952647,geary,0,null
sim_g240,0.9850705318548426,2.2599680369451596e-05,1.3395159586304278e-05,1.9601135250454974e-06,0.004975124378109453,1.002170527341216e-05,3.0267429066229815e-05,2.4811563608170854e-06,0.005368839256952647,geary,0,null
sim_g279,0.9850833509510194,2.2942584765681225e-05,1.3395159586304278e-05,0.000174292985407185,0.004975124378109453,7.711233148290836e-06,3.05901130209083e-05,0.00019806021068998297,0.005368839256952647,geary,0,null
sim_g278,0.9851572948644596,2.501887536956857e-05,1.3395159586304278e-05,7.1748521020734305e-09,0.004975124378109453,7.988251304886406e-06,3.3210896508276865e-05,1.024978871724776e-08,0.005368839256952647,geary,0,null
sim_g261,0.985184312303281,2.582100069853484e-05,1.3395159586304278e-05,4.633340567416786e-06,0.004975124378109453,7.903595128160105e-06,3.3991049923368e-05,5.6504153261180315e-06,0.005368839256952647,geary,0,null
sim_g185,0.9851847169628013,2.5833197941759678e-05,1.3395159586304278e-05,7.458008459888373e-07,0.004975124378109453,8.254717410427203e-06,3.3991049923368e-05,9.685725272582302e-07,0.005368839256952647,geary,0,null
sim_g167,0.9852129774507283,2.6698662673886103e-05,1.3395159586304278e-05,3.0267844101634966e-07,0.004975124378109453,8.782678856008623e-06,3.497641398325691e-05,4.017855411721456e-07,0.005368839256952647,geary,0,null
sim_g201,0.9853842113780079,3.2559336610187584e-05,1.3395159586304278e-05,1.023648716217205e-07,0.004975124378109453,7.437474584174504e-06,4.246869992633163e-05,1.3958846130234616e-07,0.005368839256952647,geary,0,null
sim_g222,0.9855465177018415,3.922216655408228e-05,1.3395159586304278e-05,4.486749904454863e-07,0.004975124378109453,7.668612473952582e-06,5.0937878641665295e-05,5.877838302779296e-07,0.005368839256952647,geary,0,null
sim_g227,0.9855606779513219,3.986090838466932e-05,1.3395159586304278e-05,6.403009223931361e-08,0.004975124378109453,8.906088716925422e-06,5.154427808362412e-05,8.771245512234742e-08,0.005368839256952647,geary,0,null
sim_g255,0.9856123276133512,4.2275060698327364e-05,1.3395159586304278e-05,2.4557633431684547e-08,0.004975124378109453,7.8695538982759e-06,5.4431408624455834e-05,3.4266465253513325e-08,0.005368839256952647,geary,0,null
sim_g205,0.9856748641157724,4.538306676742102e-05,1.3395159586304278e-05,0.00013561269429300158,0.004975124378109453,7.820689063217214e-06,5.818341893259105e-05,0.00015587666010689837,0.005368839256952647,geary,0,null
sim_g239,0.9858916868881987,5.791362300281626e-05,1.3395159586304278e-05,1.3259516900878336e-05,0.004975124378109453,8.483870908479761e-06,7.393228468444629e-05,1.584802816838048e-05,0.005368839256952647,geary,0,null
sim_g245,0.9859733033970203,6.342540694201852e-05,1.3395159586304278e-05,4.5091998733729e-05,0.004975124378109453,8.865173717421508e-06,8.062551729917609e-05,5.284218601608867e-05,0.005368839256952647,geary,0,null
sim_g168,0.9860582525255918,6.96851139397315e-05,1.3395159586304278e-05,5.944646585891492e-08,0.004975124378109453,7.874803981641197e-06,8.82090049870019e-05,8.180706310859851e-08,0.005368839256952647,geary,0,null
sim_g296,0.9861799435387423,7.96726938045986e-05,1.3395159586304278e-05,2.9946743824892648e-06,0.004975124378109453,8.743376560667553e-06,0.00010042776529991421,3.712460259652369e-06,0.005368839256952647,geary,0,null
sim_g274,0.9862266787465974,8.385486467177506e-05,1.3395159586304278e-05,2.0913234485829824e-06,0.004975124378109453,8.766540511075338e-06,0.00010525715230766744,2.6361219940121625e-06,0.005368839256952647,geary,0,null
sim_g177,0.9863477737318306,9.567235205987736e-05,1.3395159586304278e-05,5.99262711936558e-07,0.004975124378109453,8.607458934989103e-06,0.00011959044007484669,7.816470155694234e-07,0.005368839256952647,geary,0,null
sim_g157,0.9863745773949694,9.849161804092568e-05,1.3395159586304278e-05,1.7571456389662687e-07,0.004975124378109453,7.477022241130694e-06,0.000122603673909866,2.3638730569052943e-07,0.005368839256952647,geary,0,null
sim_g202,0.986485086448957,0.0001109603008922248,1.3395159586304278e-05,1.2226459685976695e-05,0.004975124378109453,7.429175665369435e-06,0.0001375540920151547,1.4671751623172033e-05,0.005368839256952647,geary,0,null
sim_g248,0.9865083666878213,0.00011376940678413982,1.3395159586304278e-05,1.6280088684564342e-06,0.004975124378109453,8.56368750857067e-06,0.0001404560577581973,2.0783091937741715e-06,0.005368839256952647,geary,0,null
sim_g193,0.986662065650757,0.00013405804404213747,1.3395159586304278e-05,4.397336084338302e-08,0.004975124378109453,7.65949024338292e-06,0.0001648254639862346,6.107411228247641e-08,0.005368839256952647,geary,0,null
sim_g235,0.9868368510933276,0.00016123411554309997,1.3395159586304278e-05,2.8260366430569097e-07,0.004975124378109453,8.235319698551896e-06,0.00019742952923644896,3.768048857409213e-07,0.005368839256952647,geary,0,null
sim_g179,0.9868766966916499,0.00016811278511571034,1.3395159586304278e-05,1.7331771010183472e-07,0.004975124378109453,8.195269099120727e-06,0.00020501559160452482,2.342131217592361e-07,0.005368839256952647,geary,0,null
sim_g172,0.9871867663050071,0.00023180917052169266,1.3395159586304278e-05,2.69017231559841e-06,0.004975124378109453,7.15168099323204e-06,0.0002815495998239182,3.3767853333871255e-06,0.005368839256952647,geary,0,null
sim_g183,0.9874060534765319,0.0002897568911097215,1.3395159586304278e-05,1.8578657794176064e-06,0.004975124378109453,7.503587799803652e-06,0.0003505123682778889,2.3616937873952626e-06,0.005368839256952647,geary,0,null
sim_g195,0.9877119067864013,0.0003933138787565957,1.3395159586304278e-05,1.0167952686333e-05,0.004975124378109453,7.588995970496866e-06,0.00047387214308023583,1.2250545405220483e-05,0.005368839256952647,geary,0,null
sim_g242,0.9878411931378736,0.0004466605259870446,1.3395159586304278e-05,0.00010926996194754853,0.004975124378109453,8.753266442843997e-06,0.0005359926311844534,0.00012608072532409445,0.005368839256952647,geary,0,null
sim_g291,0.9878815051261878,0.00046461907281442907,1.3395159586304278e-05,2.5861385539523214e-05,0.004975124378109453,8.606362641939383e-06,0.0005553216009734212,3.0665674552794324e-05,0.005368839256952647,geary,0,null
sim_g221,0.9879857677980209,0.0005142158219663701,1.3395159586304278e-05,3.3826819468876246e-06,0.004975124378109453,8.360697437083332e-06,0.0006121616928171073,4.159035180599538e-06,0.005368839256952647,geary,0,null
sim_g237,0.9883101137163758,0.0007015550524457272,1.3395159586304278e-05,0.00031245955973872397,0.004975124378109453,7.780764220114025e-06,0.0008318834613980955,0.0003497681638866313,0.005368839256952647,geary,0,null
sim_g251,0.9884305178993261,0.0007858385161118225,1.3395159586304278e-05,3.311252426850746e-05,0.004975124378109453,9.228352229287982e-06,0.000928155727691129,3.895591090412643e-05,0.005368839256952647,geary,0,null
sim_g226,0.9884562398039882,0.000805011779388747,1.3395159586304278e-05,3.1749070116995806e-06,0.004975124378109453,8.056421747282802e-06,0.00094707268163382,3.919638286048864e-06,0.005368839256952647,geary,0,null
sim_g192,0.9884612697864487,0.0008088111266184811,1.3395159586304278e-05,7.528490794781707e-07,0.004975124378109453,7.947979460625609e-06,0.0009478255390060325,9.735117407045312e-07,0.005368839256952647,geary,0,null
sim_g272,0.9885055456057112,0.000842973445309283,1.3395159586304278e-05,3.1999077044271173e-05,0.004975124378109453,7.325981111994622e-06,0.00098401569491356,3.7794185485359654e-05,0.005368839256952647,geary,0,null
sim_g275,0.9886131769487423,0.0009316277468264447,1.3395159586304278e-05,0.0006007239250298199,0.004975124378109453,8.092107631555578e-06,0.0010832880777051682,0.0006650080350883616,0.005368839256952647,geary,0,null
sim_g234,0.9890301428076699,0.0013620108396636842,1.3395159586304278e-05,0.0011086299017832844,0.004975124378109453,8.156012808471842e-06,0.0015776187332011786,0.0012050325019383526,0.005368839256952647,geary,0,null
sim_g155,0.9890764993961088,0.0014196908375032518,1.3395159586304278e-05,2.9947179427862443e-06,0.004975124378109453,8.389640897130898e-06,0.001638104812503752,3.712460259652369e-06,0.005368839256952647,geary,0,null
sim_g277,0.9893295923960496,0.0017758240639199905,1.3395159586304278e-05,4.812855383348609e-06,0.004975124378109453,6.552024929827064e-06,0.0020411770849655063,5.8220024798571886e-06,0.005368839256952647,geary,0,null
sim_g213,0.9893846462965159,0.001863329360702984,1.3395159586304278e-05,2.926538676102141e-06,0.004975124378109453,7.88095211196466e-06,0.002133583237446165,3.6581733451276764e-06,0.005368839256952647,geary,0,null
sim_g231,0.9898930087603941,0.002876663621395592,1.3395159586304278e-05,1.2294141985912126e-06,0.004975124378109453,8.405184189552834e-06,0.0032813653475995343,1.5829367363835356e-06,0.005368839256952647,geary,0,null
sim_g287,0.9901729624139418,0.003626196427933006,1.3395159586304278e-05,0.0004282201014142415,0.004975124378109453,1.0894090418969706e-05,0.0041206777590147795,0.0004775688863355854,0.005368839256952647,geary,0,null
sim_g170,0.9902770117826204,0.003946677256106668,1.3395159586304278e-05,0.00023943373474855523,0.004975124378109453,7.803036051789522e-06,0.004467936516347171,0.00027003804670889685,0.005368839256952647,geary,0,null
sim_g270,0.9903249018058445,0.00410253184864588,1.3395159586304278e-05,5.057377552236293e-05,0.004975124378109453,7.3647836755149464e-06,0.004626915618773549,5.880671572367782e-05,0.005368839256952647,geary,0,null
sim_g215,0.9904874017960762,0.004673246288446328,1.3395159586304278e-05,1.4387013852893192e-05,0.004975124378109453,8.156282693030834e-06,0.005250838526344189,1.7127397443920467e-05,0.005368839256952647,geary,0,null
sim_g232,0.9905268178770412,0.004821935439800482,1.3395159586304278e-05,0.00016488930121928905,0.004975124378109453,8.840552387091338e-06,0.005394334533500391,0.00018808665538321944,0.005368839256952647,geary,0,null
sim_g292,0.9905307297883267,0.004836919965038684,1.3395159586304278e-05,0.0008433237913671437,0.004975124378109453,7.660221590046425e-06,0.005394334533500391,0.0009199895905823386,0.005368839256952647,geary,0,null
sim_g288,0.9906328390803514,0.005243018033815917,1.3395159586304278e-05,9.940244539055008e-05,0.004975124378109453,8.647589087006914e-06,0.005825575593128797,0.00011513796763384179,0.005368839256952647,geary,0,null
sim_g233,0.9910284464134268,0.007117370786959651,1.3395159586304278e-05,4.299954662355857e-06,0.004975124378109453,7.755014217460296e-06,0.007879008251246846,5.265250606966355e-06,0.005368839256952647,geary,0,null
sim_g257,0.9916025167947332,0.010882847373755078,1.3395159586304278e-05,0.0005296633522600047,0.004975124378109453,7.6082150985687485e-06,0.012003140485759279,0.0005885148358444496,0.005368839256952647,geary,0,null
sim_g163,0.9916555718422967,0.011305745730588217,1.3395159586304278e-05,0.044443721781179474,0.05970149253731343,8.902827508052736e-06,0.0124238964072398,0.04613535132994409,0.06176016469377252,geary,0,null
sim_g264,0.9917280149946129,0.01190620882851725,1.3395159586304278e-05,0.0006706523620033755,0.004975124378109453,6.38812737731528e-06,0.013035995067719616,0.0007369806175861269,0.005368839256952647,geary,0,null
sim_g280,0.9918271734310379,0.012772842361241791,1.3395159586304278e-05,0.02088667329859465,0.01990049751243781,7.851355575279026e-06,0.013934009848627409,0.0222989394646918,0.02117074203450831,geary,0,null
sim_g156,0.991912401034494,0.013560813695626664,1.3395159586304278e-05,0.0007648711817586715,0.009950248756218905,7.948548478191256e-06,0.014740014886550721,0.0008374501990058447,0.01069919221098807,geary,0,null
sim_g188,0.9919912053554204,0.014326381662448406,1.3395159586304278e-05,0.026674633130924413,0.024875621890547265,7.319065297088561e-06,0.015515936818536179,0.028276996251863334,0.02627706537733866,geary,0,null
sim_g225,0.9920702696433984,0.015131592010626747,1.3395159586304278e-05,0.0032653665575071637,0.004975124378109453,9.730195212728545e-06,0.016329056126575626,0.0035237768606192414,0.005368839256952647,geary,0,null
sim_g276,0.9922068236222293,0.01661397287834921,1.3395159586304278e-05,0.005394973015858143,0.004975124378109453,8.83418899820465e-06,0.017864486965966892,0.005801046253610906,0.005368839256952647,geary,0,null
sim_g162,0.9923891324531801,0.018785424631050235,1.3395159586304278e-05,0.03308594409728225,0.04477611940298507,6.079211840608786e-06,0.02012724067612525,0.03470553576637998,0.046804305996151645,geary,0,null
sim_g269,0.9924615175046135,0.019712250164874687,1.3395159586304278e-05,0.013011947319196892,0.014925373134328358,8.217766894104215e-06,0.021045106937588636,0.013941372127710955,0.015934562065119243,geary,0,null
sim_g243,0.9924748587173213,0.01988724235813822,1.3395159586304278e-05,0.0023132812339364886,0.004975124378109453,6.9719704609151305e-06,0.02115664080653002,0.0025053587371153306,0.005368839256952647,geary,0,null
sim_g199,0.9928543418366507,0.025445502145383072,1.3395159586304278e-05,0.03992106997582993,0.04477611940298507,7.322326354883506e-06,0.026879051562024373,0.04172934143814975,0.046804305996151645,geary,0,null
sim_g238,0.9932769646301979,0.03311047615308554,1.3395159586304278e-05,0.028851308234874203,0.014925373134328358,8.305709401142402e-06,0.03485313279272162,0.030369798141972847,0.015934562065119243,geary,0,null
sim_g263,0.993334611206586,0.03429017400161461,1.3395159586304278e-05,0.026958752861929856,0.04975124378109453,7.701449450461694e-06,0.03596871398770763,0.02847755584006675,0.05182421227197347,geary,0,null
sim_g219,0.9935177070690999,0.03826809652992626,1.3395159586304278e-05,0.00023732812693337194,0.004975124378109453,6.557131889824677e-06,0.04000149463058494,0.00026867335124532675,0.005368839256952647,geary,0,null
sim_g197,0.994362113300011,0.06172760096232986,1.3395159586304278e-05,0.3186941065110773,0.31840796019900497,7.715013622079828e-06,0.06429958433576027,0.3219132389000781,0.3216242022212171,geary,0,null
sim_g299,0.9944249820456492,0.06384758666939477,1.3395159586304278e-05,0.04044030729002609,0.04477611940298507,6.0639630200571374e-06,0.06627777162912953,0.042125320093777174,0.046804305996151645,geary,0,null
sim_g236,0.9955202327142976,0.11047606587545022,1.3395159586304278e-05,0.22744787463554056,0.25870646766169153,6.601086666815789e-06,0.11428558538839678,0.23130292335817684,0.26220250100847114,geary,0,null
sim_g285,0.9963682957938702,0.16052920534843507,1.3395159586304278e-05,0.047398159619357616,0.05472636815920398,6.696150755911075e-06,0.16492726576894012,0.04903257891657684,0.05680937871197645,geary,0,null
sim_g173,0.9967068077146537,0.18411491616680914,1.3395159586304278e-05,0.10404959170767175,0.11442786069651742,8.274063025673553e-06,0.1885135660411015,0.10690026545308741,0.11756287057861378,geary,0,null
sim_g230,0.9972488873854186,0.22612101742005492,1.3395159586304278e-05,0.000661941134229868,0.004975124378109453,8.342711255644458e-06,0.23073573206128054,0.0007300821333417662,0.005368839256952647,geary,0,null
sim_g152,0.9976885328796575,0.26383761570099984,1.3395159586304278e-05,0.09582585365489105,0.11442786069651742,7.270314989934552e-06,0.2683094396959321,0.09878953985040315,0.11756287057861378,geary,0,null
sim_g297,0.9985030142059715,0.3412627723559454,1.3395159586304278e-05,0.2365829507448713,0.24875621890547264,7.261293422554097e-06,0.3458744314418365,0.239780017646829,0.2529724260055654,geary,0,null
sim_g294,0.9989371796530381,0.3857578577877798,1.3395159586304278e-05,0.37731312766231595,0.417910447761194,7.276818052455838e-06,0.3896544018058382,0.37984543053253284,0.4193081415664154,geary,0,null
sim_g273,0.9992199465915014,0.4156116712280053,1.3395159586304278e-05,0.42341197183312884,0.4228855721393035,6.508530409402432e-06,0.41840101130336105,0.42341197183312884,0.4228855721393035,geary,0,null
sim_g203,0.999727056402225,0.4702760432617093,1.3395159586304278e-05,0.15363306949173222,0.15920398009950248,7.07515742700041e-06,0.4718488728378354,0.15676843825686962,0.16245304091785967,geary,0,null
sim_g254,1.0001679428199923,0.4817002492540623,1.3395159586304278e-05,0.3837719659113623,0.38308457711442784,6.7873828777450985e-06,0.4817002492540623,0.3850554841920023,0.385655614544726,geary,0,null
sim_g175,1.0039148156606075,0.14239083813833875,1.3395159586304278e-05,0.13987598987446992,0.15422885572139303,6.136502872943063e-06,0.14679467849313274,0.14321773707283608,0.15791350415159694,geary,0,null
sim_g212,1.0074839711511663,0.020435589800695486,1.3395159586304278e-05,0.02489467645444321,0.024875621890547265,5.757642912155197e-06,0.02166316940003055,0.02648369835579065,0.02627706537733866,geary,0,null
