,I,pval_norm,var_norm,pval_z_sim,pval_sim,var_sim,pval_norm_fdr_bh,pval_z_sim_fdr_bh,pval_sim_fdr_bh,method,is_spatial,pattern_type
sim_g049,0.46082239283164345,0.0,1.3395159586304278e-05,0.0,0.004975124378109453,4.718142319052245e-05,0.0,0.0,0.009819324430479183,moran,1,hotspot
sim_g034,0.39276862491952064,0.0,1.3395159586304278e-05,0.0,0.004975124378109453,4.069554729265797e-05,0.0,0.0,0.009819324430479183,moran,1,hotspot
sim_g045,0.34480353515526707,0.0,1.3395159586304278e-05,0.0,0.004975124378109453,3.7751448234054547e-05,0.0,0.0,0.009819324430479183,moran,1,hotspot
sim_g106,0.33402364893745096,0.0,1.3395159586304278e-05,0.0,0.004975124378109453,4.702892333520079e-05,0.0,0.0,0.009819324430479183,moran,1,hotspot
sim_g004,0.325406202598792,0.0,1.3395159586304278e-05,0.0,0.004975124378109453,4.060436426505068e-05,0.0,0.0,0.009819324430479183,moran,1,hotspot
sim_g091,0.3190333636990718,0.0,1.3395159586304278e-05,0.0,0.004975124378109453,3.306260600292766e-05,0.0,0.0,0.009819324430479183,moran,1,hotspot
sim_g100,0.3187368749031699,0.0,1.3395159586304278e-05,0.0,0.004975124378109453,3.75197425457204e-05,0.0,0.0,0.009819324430479183,moran,1,hotspot
sim_g001,0.30659449776659403,0.0,1.3395159586304278e-05,0.0,0.004975124378109453,3.216696054182901e-05,0.0,0.0,0.009819324430479183,moran,1,hotspot
sim_g000,0.29604072277712096,0.0,1.3395159586304278e-05,0.0,0.004975124378109453,4.2980760699263615e-05,0.0,0.0,0.009819324430479183,moran,1,hotspot
sim_g122,0.2761629172014501,0.0,1.3395159586304278e-05,0.0,0.004975124378109453,2.892451173723389e-05,0.0,0.0,0.009819324430479183,moran,1,hotspot
sim_g076,0.2712803640556653,0.0,1.3395159586304278e-05,0.0,0.004975124378109453,3.061500746245869e-05,0.0,0.0,0.009819324430479183,moran,1,hotspot
sim_g011,0.2710429218169078,0.0,1.3395159586304278e-05,0.0,0.004975124378109453,3.594178897941041e-05,0.0,0.0,0.009819324430479183,moran,1,hotspot
sim_g018,0.2705533972587286,0.0,1.3395159586304278e-05,0.0,0.004975124378109453,2.7103664847056113e-05,0.0,0.0,0.009819324430479183,moran,1,hotspot
sim_g016,0.2543102598838982,0.0,1.3395159586304278e-05,0.0,0.004975124378109453,3.669609015309675e-05,0.0,0.0,0.009819324430479183,moran,1,hotspot
sim_g134,0.24806825443685734,0.0,1.3395159586304278e-05,0.0,0.004975124378109453,3.517302836602537e-05,0.0,0.0,0.009819324430479183,moran,1,hotspot
sim_g077,0.2249129213642163,0.0,1.3395159586304278e-05,0.0,0.004975124378109453,3.0310532482325037e-05,0.0,0.0,0.009819324430479183,moran,1,hotspot
sim_g066,0.21697828275233397,0.0,1.3395159586304278e-05,0.0,0.004975124378109453,2.52282603202134e-05,0.0,0.0,0.009819324430479183,moran,1,hotspot
sim_g013,0.20213927990312627,0.0,1.3395159586304278e-05,0.0,0.004975124378109453,3.189599875383722e-05,0.0,0.0,0.009819324430479183,moran,1,hotspot
sim_g147,0.20083585351003566,0.0,1.3395159586304278e-05,0.0,0.004975124378109453,2.8043963229767536e-05,0.0,0.0,0.009819324430479183,moran,1,hotspot
sim_g032,0.1953698910415654,0.0,1.3395159586304278e-05,0.0,0.004975124378109453,2.707560847868487e-05,0.0,0.0,0.009819324430479183,moran,1,hotspot
sim_g102,0.19430292485835615,0.0,1.3395159586304278e-05,0.0,0.004975124378109453,2.1156011580918406e-05,0.0,0.0,0.009819324430479183,moran,1,hotspot
sim_g042,0.19242520101120836,0.0,1.3395159586304278e-05,0.0,0.004975124378109453,2.312743771663119e-05,0.0,0.0,0.009819324430479183,moran,1,hotspot
sim_g121,0.1922649208160942,0.0,1.3395159586304278e-05,0.0,0.004975124378109453,2.7446906561323817e-05,0.0,0.0,0.009819324430479183,moran,1,hotspot
sim_g118,0.19092073792175204,0.0,1.3395159586304278e-05,0.0,0.004975124378109453,2.5096291556801774e-05,0.0,0.0,0.009819324430479183,moran,1,hotspot
sim_g046,0.1897759421231928,0.0,1.3395159586304278e-05,0.0,0.004975124378109453,2.129137408466878e-05,0.0,0.0,0.009819324430479183,moran,1,hotspot
sim_g040,0.1856246514334362,0.0,1.3395159586304278e-05,0.0,0.004975124378109453,2.200672923946976e-05,0.0,0.0,0.009819324430479183,moran,1,hotspot
sim_g131,0.16993568709755694,0.0,1.3395159586304278e-05,0.0,0.004975124378109453,2.0342100535258686e-05,0.0,0.0,0.009819324430479183,moran,1,hotspot
sim_g141,0.15981643497347703,0.0,1.3395159586304278e-05,0.0,0.004975124378109453,2.1490470852397283e-05,0.0,0.0,0.009819324430479183,moran,1,gp
sim_g035,0.15969851364771004,0.0,1.3395159586304278e-05,0.0,0.004975124378109453,2.2777606039240807e-05,0.0,0.0,0.009819324430479183,moran,1,hotspot
sim_g069,0.15555021381321105,0.0,1.3395159586304278e-05,0.0,0.004975124378109453,2.2655719787996915e-05,0.0,0.0,0.009819324430479183,moran,1,hotspot
sim_g094,0.15425566858620476,0.0,1.3395159586304278e-05,0.0,0.004975124378109453,2.143000848922256e-05,0.0,0.0,0.009819324430479183,moran,1,hotspot
sim_g128,0.15321286718828317,0.0,1.3395159586304278e-05,0.0,0.004975124378109453,2.4604381998143048e-05,0.0,0.0,0.009819324430479183,moran,1,gp
sim_g064,0.1524024723831529,0.0,1.3395159586304278e-05,0.0,0.004975124378109453,2.4540449392598182e-05,0.0,0.0,0.009819324430479183,moran,1,hotspot
sim_g053,0.1473908058647908,0.0,1.3395159586304278e-05,0.0,0.004975124378109453,1.981013280919053e-05,0.0,0.0,0.009819324430479183,moran,1,hotspot
sim_g008,0.14352351951278636,0.0,1.3395159586304278e-05,0.0,0.004975124378109453,2.248878573879968e-05,0.0,0.0,0.009819324430479183,moran,1,hotspot
sim_g093,0.13132156431951225,0.0,1.3395159586304278e-05,0.0,0.004975124378109453,1.8756674281971737e-05,0.0,0.0,0.009819324430479183,moran,1,gp
sim_g140,0.12913562042914203,0.0,1.3395159586304278e-05,0.0,0.004975124378109453,1.9102787876028966e-05,0.0,0.0,0.009819324430479183,moran,1,hotspot
sim_g113,0.12383607431967095,0.0,1.3395159586304278e-05,0.0,0.004975124378109453,2.0404728840850323e-05,0.0,0.0,0.009819324430479183,moran,1,hotspot
sim_g101,0.11702745873475918,0.0,1.3395159586304278e-05,0.0,0.004975124378109453,1.997973340491292e-05,0.0,0.0,0.009819324430479183,moran,1,gp
sim_g005,0.10824332170653658,0.0,1.3395159586304278e-05,0.0,0.004975124378109453,1.5033682409934094e-05,0.0,0.0,0.009819324430479183,moran,1,gp
sim_g022,0.10786658318675621,0.0,1.3395159586304278e-05,0.0,0.004975124378109453,2.0908776590090063e-05,0.0,0.0,0.009819324430479183,moran,1,stripes
sim_g024,0.10458721493970732,0.0,1.3395159586304278e-05,0.0,0.004975124378109453,1.8683299474357514e-05,0.0,0.0,0.009819324430479183,moran,1,hotspot
sim_g136,0.10375295418841661,0.0,1.3395159586304278e-05,0.0,0.004975124378109453,1.7056112360364205e-05,0.0,0.0,0.009819324430479183,moran,1,hotspot
sim_g116,0.1037129230270786,0.0,1.3395159586304278e-05,0.0,0.004975124378109453,2.0534286318735316e-05,0.0,0.0,0.009819324430479183,moran,1,hotspot
sim_g063,0.10040677714526144,0.0,1.3395159586304278e-05,0.0,0.004975124378109453,1.6722758763633165e-05,0.0,0.0,0.009819324430479183,moran,1,hotspot
sim_g078,0.096081152518243,0.0,1.3395159586304278e-05,0.0,0.004975124378109453,1.6816985462473048e-05,0.0,0.0,0.009819324430479183,moran,1,stripes
sim_g127,0.09492979875502239,0.0,1.3395159586304278e-05,0.0,0.004975124378109453,1.5171739847667176e-05,0.0,0.0,0.009819324430479183,moran,1,gp
sim_g133,0.09418095153318737,0.0,1.3395159586304278e-05,0.0,0.004975124378109453,1.4930384865183379e-05,0.0,0.0,0.009819324430479183,moran,1,hotspot
sim_g097,0.09195734388971191,0.0,1.3395159586304278e-05,0.0,0.004975124378109453,1.504571564537327e-05,0.0,0.0,0.009819324430479183,moran,1,stripes
sim_g137,0.09093890316599948,0.0,1.3395159586304278e-05,0.0,0.004975124378109453,1.4951994601479884e-05,0.0,0.0,0.009819324430479183,moran,1,gp
sim_g087,0.09052158220679073,0.0,1.3395159586304278e-05,0.0,0.004975124378109453,1.6917757652745217e-05,0.0,0.0,0.009819324430479183,moran,1,gp
sim_g006,0.08959442408413351,0.0,1.3395159586304278e-05,0.0,0.004975124378109453,1.6546016652445424e-05,0.0,0.0,0.009819324430479183,moran,1,stripes
sim_g109,0.08926656922722254,0.0,1.3395159586304278e-05,0.0,0.004975124378109453,1.5180901839745067e-05,0.0,0.0,0.009819324430479183,moran,1,gp
sim_g084,0.08405825604266545,0.0,1.3395159586304278e-05,0.0,0.004975124378109453,1.3177167716655897e-05,0.0,0.0,0.009819324430479183,moran,1,gp
sim_g088,0.0838427278655703,0.0,1.3395159586304278e-05,0.0,0.004975124378109453,1.485618321942083e-05,0.0,0.0,0.009819324430479183,moran,1,hotspot
sim_g081,0.08154095053001484,0.0,1.3395159586304278e-05,0.0,0.004975124378109453,1.5306988448994738e-05,0.0,0.0,0.009819324430479183,moran,1,hotspot
sim_g065,0.07754383082453377,0.0,1.3395159586304278e-05,0.0,0.004975124378109453,1.3986653181399084e-05,0.0,0.0,0.009819324430479183,moran,1,gp
sim_g092,0.07542725661470744,0.0,1.3395159586304278e-05,0.0,0.004975124378109453,1.3845687074420399e-05,0.0,0.0,0.009819324430479183,moran,1,hotspot
sim_g149,0.07449513784263805,0.0,1.3395159586304278e-05,0.0,0.004975124378109453,1.4092551632919119e-05,0.0,0.0,0.009819324430479183,moran,1,gp
sim_g082,0.07062842272489356,0.0,1.3395159586304278e-05,0.0,0.004975124378109453,1.3756158720846579e-05,0.0,0.0,0.009819324430479183,moran,1,gp
sim_g038,0.06940912433291901,0.0,1.3395159586304278e-05,0.0,0.004975124378109453,1.3820063217193058e-05,0.0,0.0,0.009819324430479183,moran,1,gp
sim_g132,0.06753410941392822,0.0,1.3395159586304278e-05,0.0,0.004975124378109453,1.3237021433238002e-05,0.0,0.0,0.009819324430479183,moran,1,stripes
sim_g043,0.06472260658664813,0.0,1.3395159586304278e-05,0.0,0.004975124378109453,1.3811972535181655e-05,0.0,0.0,0.009819324430479183,moran,1,stripes
sim_g026,0.06299511773646736,0.0,1.3395159586304278e-05,0.0,0.004975124378109453,1.2706411810522235e-05,0.0,0.0,0.009819324430479183,moran,1,stripes
sim_g098,0.0609585109323231,0.0,1.3395159586304278e-05,0.0,0.004975124378109453,1.2420661499850964e-05,0.0,0.0,0.009819324430479183,moran,1,stripes
sim_g146,0.06083775082072289,0.0,1.3395159586304278e-05,0.0,0.004975124378109453,1.1323581737749486e-05,0.0,0.0,0.009819324430479183,moran,1,stripes
sim_g037,0.058437869207639846,0.0,1.3395159586304278e-05,0.0,0.004975124378109453,1.358598241021337e-05,0.0,0.0,0.009819324430479183,moran,1,gp
sim_g002,0.056018489228616436,0.0,1.3395159586304278e-05,0.0,0.004975124378109453,1.5856981121506655e-05,0.0,0.0,0.009819324430479183,moran,1,gp
sim_g055,0.054743230434028636,0.0,1.3395159586304278e-05,0.0,0.004975124378109453,1.3257592175729245e-05,0.0,0.0,0.009819324430479183,moran,1,gp
sim_g148,0.0542804911307777,0.0,1.3395159586304278e-05,0.0,0.004975124378109453,1.036192903457291e-05,0.0,0.0,0.009819324430479183,moran,1,stripes
sim_g142,0.05389776721242139,0.0,1.3395159586304278e-05,0.0,0.004975124378109453,1.4610068899528214e-05,0.0,0.0,0.009819324430479183,moran,1,gp
sim_g135,0.053198855371918354,0.0,1.3395159586304278e-05,0.0,0.004975124378109453,1.2784159060539344e-05,0.0,0.0,0.009819324430479183,moran,1,gp
sim_g145,0.052783090456449126,0.0,1.3395159586304278e-05,0.0,0.004975124378109453,1.2829756335160505e-05,0.0,0.0,0.009819324430479183,moran,1,stripes
sim_g119,0.052317251766995594,0.0,1.3395159586304278e-05,0.0,0.004975124378109453,1.0363257112145243e-05,0.0,0.0,0.009819324430479183,moran,1,gp
sim_g073,0.04975970876679038,0.0,1.3395159586304278e-05,0.0,0.004975124378109453,1.2180592686706171e-05,0.0,0.0,0.009819324430479183,moran,1,stripes
sim_g014,0.048348593745809444,0.0,1.3395159586304278e-05,0.0,0.004975124378109453,9.771340360453841e-06,0.0,0.0,0.009819324430479183,moran,1,stripes
sim_g096,0.048327706612801946,0.0,1.3395159586304278e-05,0.0,0.004975124378109453,1.0161939508517683e-05,0.0,0.0,0.009819324430479183,moran,1,gp
sim_g059,0.04774661258709414,0.0,1.3395159586304278e-05,0.0,0.004975124378109453,1.2220395909887976e-05,0.0,0.0,0.009819324430479183,moran,1,stripes
sim_g021,0.04674510987124972,0.0,1.3395159586304278e-05,0.0,0.004975124378109453,9.497223444641808e-06,0.0,0.0,0.009819324430479183,moran,1,stripes
sim_g058,0.04654696294162962,0.0,1.3395159586304278e-05,0.0,0.004975124378109453,1.3394172100354197e-05,0.0,0.0,0.009819324430479183,moran,1,gp
sim_g025,0.046131458391194105,0.0,1.3395159586304278e-05,0.0,0.004975124378109453,1.1047758563392604e-05,0.0,0.0,0.009819324430479183,moran,1,gp
sim_g139,0.04507621784781155,0.0,1.3395159586304278e-05,0.0,0.004975124378109453,1.1784018713257753e-05,0.0,0.0,0.009819324430479183,moran,1,gp
sim_g104,0.04418199497281448,0.0,1.3395159586304278e-05,0.0,0.004975124378109453,1.169353482023153e-05,0.0,0.0,0.009819324430479183,moran,1,stripes
sim_g052,0.043773360270698815,0.0,1.3395159586304278e-05,0.0,0.004975124378109453,1.1810542499744758e-05,0.0,0.0,0.009819324430479183,moran,1,gp
sim_g050,0.043421283736270994,0.0,1.3395159586304278e-05,0.0,0.004975124378109453,1.048594743175033e-05,0.0,0.0,0.009819324430479183,moran,1,stripes
sim_g095,0.042645284551154586,0.0,1.3395159586304278e-05,0.0,0.004975124378109453,1.0141911492710502e-05,0.0,0.0,0.009819324430479183,moran,1,gp
sim_g120,0.04255612625965283,0.0,1.3395159586304278e-05,0.0,0.004975124378109453,8.547295495871932e-06,0.0,0.0,0.009819324430479183,moran,1,gp
sim_g039,0.042508454579752115,0.0,1.3395159586304278e-05,0.0,0.004975124378109453,1.1800046176958711e-05,0.0,0.0,0.009819324430479183,moran,1,hotspot
sim_g015,0.04250031026978835,0.0,1.3395159586304278e-05,0.0,0.004975124378109453,9.816906553595698e-06,0.0,0.0,0.009819324430479183,moran,1,gp
sim_g111,0.041740937604917476,0.0,1.3395159586304278e-05,0.0,0.004975124378109453,1.0242022222087795e-05,0.0,0.0,0.009819324430479183,moran,1,stripes
sim_g060,0.04070451384585365,0.0,1.3395159586304278e-05,0.0,0.004975124378109453,1.2718872687023358e-05,0.0,0.0,0.009819324430479183,moran,1,gp
sim_g099,0.040433387521709385,0.0,1.3395159586304278e-05,0.0,0.004975124378109453,9.557923713813303e-06,0.0,0.0,0.009819324430479183,moran,1,gp
sim_g054,0.03929532551325105,0.0,1.3395159586304278e-05,0.0,0.004975124378109453,1.0619633010199699e-05,0.0,0.0,0.009819324430479183,moran,1,gp
sim_g067,0.03725674001957856,0.0,1.3395159586304278e-05,0.0,0.004975124378109453,9.048348553955459e-06,0.0,0.0,0.009819324430479183,moran,1,stripes
sim_g062,0.03648113269134993,0.0,1.3395159586304278e-05,0.0,0.004975124378109453,1.2220979930671169e-05,0.0,0.0,0.009819324430479183,moran,1,hotspot
sim_g107,0.03525856395604733,0.0,1.3395159586304278e-05,0.0,0.004975124378109453,9.142059565943429e-06,0.0,0.0,0.009819324430479183,moran,1,stripes
sim_g075,0.03479947089768835,0.0,1.3395159586304278e-05,0.0,0.004975124378109453,1.0888299052112524e-05,0.0,0.0,0.009819324430479183,moran,1,gp
sim_g108,0.03383996381568645,0.0,1.3395159586304278e-05,0.0,0.004975124378109453,9.67017226761257e-06,0.0,0.0,0.009819324430479183,moran,1,gp
sim_g044,0.03368174746199867,0.0,1.3395159586304278e-05,0.0,0.004975124378109453,9.998125183588843e-06,0.0,0.0,0.009819324430479183,moran,1,stripes
sim_g125,0.03350376135002995,0.0,1.3395159586304278e-05,0.0,0.004975124378109453,8.612545437607582e-06,0.0,0.0,0.009819324430479183,moran,1,stripes
sim_g070,0.03278326670690975,0.0,1.3395159586304278e-05,0.0,0.004975124378109453,1.0439140926062604e-05,0.0,0.0,0.009819324430479183,moran,1,stripes
sim_g072,0.0325714768903593,0.0,1.3395159586304278e-05,0.0,0.004975124378109453,1.1189345239691643e-05,0.0,0.0,0.009819324430479183,moran,1,stripes
sim_g003,0.030549868945896178,0.0,1.3395159586304278e-05,0.0,0.004975124378109453,9.634325611372734e-06,0.0,0.0,0.009819324430479183,moran,1,gp
sim_g033,0.03036078214452786,0.0,1.3395159586304278e-05,0.0,0.004975124378109453,9.728570320632838e-06,0.0,0.0,0.009819324430479183,moran,1,stripes
sim_g027,0.030131435045237763,1.1102230246251565e-16,1.3395159586304278e-05,0.0,0.004975124378109453,1.1423017805885366e-05,3.1720657846433045e-16,0.0,0.009819324430479183,moran,1,gp
sim_g112,0.02929614967481742,4.440892098500626e-16,1.3395159586304278e-05,0.0,0.004975124378109453,1.0289083701073083e-05,1.25685625429263e-15,0.0,0.009819324430479183,moran,1,gp
sim_g080,0.028786270223244013,1.4432899320127035e-15,1.3395159586304278e-05,0.0,0.004975124378109453,9.486699004700422e-06,4.0466072860169255e-15,0.0,0.009819324430479183,moran,1,stripes
sim_g048,0.027772503231996128,1.2989609388114332e-14,1.3395159586304278e-05,0.0,0.004975124378109453,1.0641866614922502e-05,3.605678446947756e-14,0.0,0.009819324430479183,moran,1,gp
sim_g047,0.027769296515918328,1.3100631690576847e-14,1.3395159586304278e-05,0.0,0.004975124378109453,1.0712944665495624e-05,3.605678446947756e-14,0.0,0.009819324430479183,moran,1,stripes
sim_g007,0.027720944069438532,1.454392162258955e-14,1.3395159586304278e-05,0.0,0.004975124378109453,7.796455235867089e-06,3.9665240788880597e-14,0.0,0.009819324430479183,moran,1,gp
sim_g030,0.027543442191107322,2.1094237467877974e-14,1.3395159586304278e-05,0.0,0.004975124378109453,7.162858832159205e-06,5.701145261588642e-14,0.0,0.009819324430479183,moran,1,gp
sim_g085,0.02550288890690143,1.3102852136626097e-12,1.3395159586304278e-05,0.0,0.004975124378109453,8.683583798220471e-06,3.509692536596276e-12,0.0,0.009819324430479183,moran,1,stripes
sim_g036,0.024916904984348363,4.054978575140922e-12,1.3395159586304278e-05,3.3306690738754696e-16,0.004975124378109453,9.693613776018986e-06,1.0765429845506872e-11,8.68870193184905e-16,0.009819324430479183,moran,1,stripes
sim_g129,0.02477288261373311,5.332068120367239e-12,1.3395159586304278e-05,4.440892098500626e-16,0.004975124378109453,9.669093232949986e-06,1.4031758211492735e-11,1.1485065771984378e-15,0.009819324430479183,moran,1,stripes
sim_g144,0.023970459712791697,2.384137332001046e-11,1.3395159586304278e-05,0.0,0.004975124378109453,8.185623010865787e-06,6.219488692176641e-11,0.0,0.009819324430479183,moran,1,gp
sim_g012,0.02360045314826786,4.681288690022711e-11,1.3395159586304278e-05,1.1102230246251565e-16,0.004975124378109453,8.104609620714344e-06,1.2106781094886321e-10,2.9216395384872543e-16,0.009819324430479183,moran,1,stripes
sim_g071,0.023515955616603367,5.453504314800739e-11,1.3395159586304278e-05,5.551115123125783e-16,0.004975124378109453,8.619686161443179e-06,1.398334439692497e-10,1.4233628520835339e-15,0.009819324430479183,moran,1,stripes
sim_g019,0.02310317848567502,1.1411627198754104e-10,1.3395159586304278e-05,1.4266365866433262e-13,0.004975124378109453,1.0081394130336515e-05,2.9012611522256196e-10,3.6270421694321855e-13,0.009819324430479183,moran,1,gp
sim_g103,0.021214757791458004,2.8545943386859562e-09,1.3395159586304278e-05,2.2537527399890678e-13,0.004975124378109453,8.441974754976206e-06,7.196456316015016e-09,5.634381849972669e-13,0.009819324430479183,moran,1,gp
sim_g089,0.02116342085307904,3.1044100623489612e-09,1.3395159586304278e-05,3.372224721687189e-11,0.004975124378109453,1.0212570440132845e-05,7.761025155872403e-09,8.093339332049254e-11,0.009819324430479183,moran,1,gp
sim_g143,0.0204142013469702,1.0333343958279784e-08,1.3395159586304278e-05,2.1715962361668062e-13,0.004975124378109453,8.223150987571774e-06,2.561986105358624e-08,5.474612360084385e-13,0.009819324430479183,moran,1,gp
sim_g041,0.0190085700518043,8.837287424068307e-08,1.3395159586304278e-05,2.9833913117727207e-12,0.004975124378109453,7.620411215371043e-06,2.1731034649348297e-07,7.336208143703412e-12,0.009819324430479183,moran,1,stripes
sim_g079,0.01855060451330633,1.7241358929442896e-07,1.3395159586304278e-05,1.823542872259054e-09,0.004975124378109453,9.968028009086661e-06,4.205209494986072e-07,4.273928606857158e-09,0.009819324430479183,moran,1,stripes
sim_g110,0.018498057452206118,1.8597469830794466e-07,1.3395159586304278e-05,1.7214007996813052e-12,0.004975124378109453,7.176446527907356e-06,4.499387862288984e-07,4.267935866978443e-12,0.009819324430479183,moran,1,stripes
sim_g130,0.018362809375086577,2.2578206160250858e-07,1.3395159586304278e-05,9.22328879937595e-12,0.004975124378109453,7.842278927861987e-06,5.418769478460206e-07,2.2314408385586976e-11,0.009819324430479183,moran,1,gp
sim_g031,0.018082546429152652,3.3606000338082254e-07,1.3395159586304278e-05,3.455166153187861e-10,0.004975124378109453,8.308831112514646e-06,8.001428651924346e-07,8.161809810679986e-10,0.009819324430479183,moran,1,gp
sim_g017,0.01776165594933511,5.26210423235085e-07,1.3395159586304278e-05,3.327560449406519e-12,0.004975124378109453,6.76617978353105e-06,1.2430167477994135e-06,8.116001096113462e-12,0.009819324430479183,moran,1,gp
sim_g124,0.016933923057812546,1.6166488039370819e-06,1.3395159586304278e-05,1.7032231180991175e-10,0.004975124378109453,7.309354488062673e-06,3.7890206342275352e-06,4.0552931383312324e-10,0.009819324430479183,moran,1,gp
sim_g009,0.01665254162771465,2.341242190895265e-06,1.3395159586304278e-05,2.3626082201744225e-09,0.004975124378109453,8.232342683119962e-06,5.44474928115178e-06,5.4944377213358666e-09,0.009819324430479183,moran,1,stripes
sim_g023,0.015909911600334118,6.0542451933987e-06,1.3395159586304278e-05,2.6616127080103524e-09,0.004975124378109453,7.63911785632937e-06,1.3971335061689307e-05,6.142183172331582e-09,0.009819324430479183,moran,1,gp
sim_g117,0.015207476329712172,1.4340135575774404e-05,1.3395159586304278e-05,2.388310150758244e-07,0.004975124378109453,8.956459515536487e-06,3.284000513536123e-05,5.346963024085621e-07,0.009819324430479183,moran,1,gp
sim_g051,0.015027175784445585,1.7791322386218056e-05,1.3395159586304278e-05,3.403800019619041e-08,0.004975124378109453,7.988582856295392e-06,4.043482360504104e-05,7.79496187699017e-08,0.009819324430479183,moran,1,gp
sim_g114,0.014339918723282033,3.9624754487821434e-05,1.3395159586304278e-05,2.2853519920928989e-07,0.004975124378109453,8.102595086454834e-06,8.937914546125135e-05,5.193981800211134e-07,0.009819324430479183,moran,1,gp
sim_g061,0.01395754367536972,6.097252978198853e-05,1.3395159586304278e-05,2.3797083104071248e-07,0.004975124378109453,7.730714988775297e-06,0.0001365056636910191,5.346963024085621e-07,0.009819324430479183,moran,1,gp
sim_g083,0.013396503385879365,0.00011261711573928856,1.3395159586304278e-05,4.6973422695995026e-07,0.004975124378109453,7.346234082796315e-06,0.000250260257198419,1.0438538376887784e-06,0.009819324430479183,moran,1,gp
sim_g266,0.013288085111933981,0.00012646864666554514,1.3395159586304278e-05,1.2098663155768463e-06,0.004975124378109453,8.398325317929635e-06,0.00027897495587987897,2.668822754948926e-06,0.009819324430479183,moran,0,null
sim_g074,0.01246695413463729,0.0002963742351255183,1.3395159586304278e-05,6.16014677579102e-06,0.004975124378109453,7.743103359990753e-06,0.0006489946754573393,1.3391623425632652e-05,0.009819324430479183,moran,1,gp
sim_g123,0.01227673572386553,0.0003585742315753704,1.3395159586304278e-05,1.2879463531456636e-05,0.004975124378109453,8.681024675142608e-06,0.0007795091990768921,2.7797403305302093e-05,0.009819324430479183,moran,1,gp
sim_g029,0.01156733748396425,0.0007135576625287854,1.3395159586304278e-05,3.3283702559061545e-05,0.004975124378109453,8.374735604878828e-06,0.0015400525090549326,7.13222197694176e-05,0.009819324430479183,moran,1,stripes
sim_g224,0.011540754077362924,0.0007316962410521821,1.3395159586304278e-05,2.4598060375247144e-06,0.004975124378109453,6.005414892706789e-06,0.0015679205165403903,5.386436578521273e-06,0.009819324430479183,moran,0,null
sim_g090,0.01110855604175363,0.0010928786638757515,1.3395159586304278e-05,5.225711974665703e-05,0.004975124378109453,7.976709760507465e-06,0.002325273752927131,0.00010963032114683293,0.009819324430479183,moran,1,stripes
sim_g217,0.00995689994789837,0.0029880253154670466,1.3395159586304278e-05,3.509816980429292e-05,0.004975124378109453,6.5686820201291944e-06,0.006312729539719113,7.467695703041047e-05,0.009819324430479183,moran,0,null
sim_g194,0.00952076211827663,0.004270156860347707,1.3395159586304278e-05,0.00010717989132391637,0.004975124378109453,6.848077206974514e-06,0.00895837103569449,0.0002232914402581591,0.009819324430479183,moran,0,null
sim_g020,0.0094661938343881,0.00446114214815907,1.3395159586304278e-05,0.00015062145259159276,0.004975124378109453,6.626299193099675e-06,0.009294046141998063,0.0003116305915688126,0.009819324430479183,moran,1,stripes
sim_g105,0.009083442382920323,0.006029057000049964,1.3395159586304278e-05,0.0008329001154319116,0.004975124378109453,8.703073289550548e-06,0.012473911034586133,0.0016658002308638231,0.009819324430479183,moran,1,stripes
sim_g068,0.008928149852203752,0.006793351107118872,1.3395159586304278e-05,0.0004171038052173115,0.004975124378109453,7.357489269648987e-06,0.013958940631066175,0.0008512322555455337,0.009819324430479183,moran,1,gp
sim_g237,0.008738318038041941,0.007842988187625966,1.3395159586304278e-05,0.0005744893198968981,0.004975124378109453,7.230582365153008e-06,0.015897949028971552,0.0011566899058326808,0.009819324430479183,moran,0,null
sim_g138,0.008721477477779805,0.00794265686442186,1.3395159586304278e-05,0.00042361351261155367,0.004975124378109453,6.774242955245807e-06,0.015991926572661463,0.0008586760390774736,0.009819324430479183,moran,1,gp
sim_g057,0.008460570506339516,0.009635348857292225,1.3395159586304278e-05,0.0024123243750715506,0.004975124378109453,8.632577355471886e-06,0.01927069771458445,0.0046690149194933235,0.009819324430479183,moran,1,stripes
sim_g253,0.008319833457549507,0.010673246809882131,1.3395159586304278e-05,0.0002621805623996831,0.009950248756218905,6.130272764066325e-06,0.021205126112348607,0.0005387271830130474,0.018656716417910446,moran,0,null
sim_g190,0.007322148096897048,0.02121879989610731,1.3395159586304278e-05,0.010485986713300477,0.009950248756218905,8.657667439023922e-06,0.041605489992367274,0.019299362049019282,0.018656716417910446,moran,0,null
sim_g126,0.0068745641817135284,0.02826609024460991,1.3395159586304278e-05,0.0019950252898292,0.004975124378109453,5.798916423908038e-06,0.05470856176376111,0.003886412902264675,0.009819324430479183,moran,1,gp
sim_g210,0.006566939121456946,0.034162409500903546,1.3395159586304278e-05,0.00726458488785664,0.004975124378109453,7.218067994773034e-06,0.06527848949217238,0.01370676393935215,0.009819324430479183,moran,0,null
sim_g200,0.006552428152875777,0.03446382250352209,1.3395159586304278e-05,0.005147248592186182,0.014925373134328358,6.613647269462139e-06,0.06543763766491537,0.009898554984973426,0.026973565905412694,moran,0,null
sim_g161,0.006513001057234509,0.03529382590867891,1.3395159586304278e-05,0.0055044604955839516,0.009950248756218905,6.7084311303409766e-06,0.06659212435599794,0.010518077380096724,0.018656716417910446,moran,0,null
sim_g239,0.006198581638570317,0.04251549187400583,1.3395159586304278e-05,0.008850544944610017,0.014925373134328358,7.18616623999867e-06,0.07971654726376093,0.016491698654552828,0.026973565905412694,moran,0,null
sim_g242,0.006115745313175908,0.04460502314766113,1.3395159586304278e-05,0.01642309027605615,0.029850746268656716,8.148551083766767e-06,0.0827838279749033,0.0295025573821368,0.05206525511975008,moran,0,null
sim_g196,0.006111928244505857,0.044703267106447786,1.3395159586304278e-05,0.006791693749570782,0.009950248756218905,5.935046062041094e-06,0.0827838279749033,0.012895621043488828,0.018656716417910446,moran,0,null
sim_g209,0.006033537890366283,0.046759694934418894,1.3395159586304278e-05,0.014244195079454403,0.014925373134328358,6.837526013377028e-06,0.08606078822285686,0.026056454413636104,0.026973565905412694,moran,0,null
sim_g198,0.005977501677321724,0.04827569815538291,1.3395159586304278e-05,0.016276325059272456,0.01990049751243781,7.43252329181778e-06,0.08830920394277361,0.02941504528784179,0.0355366027007818,moran,0,null
sim_g252,0.005901826437030542,0.05038513598032979,1.3395159586304278e-05,0.014927660358085793,0.009950248756218905,7.954942515350131e-06,0.09160933814605415,0.027141200651065074,0.018656716417910446,moran,0,null
sim_g264,0.005579125062167243,0.06021639933457357,1.3395159586304278e-05,0.018718737079049474,0.03482587064676617,6.924402009707213e-06,0.10882481807453054,0.03303306543361672,0.05936227951153324,moran,0,null
sim_g191,0.005498383408527005,0.06289722446730306,1.3395159586304278e-05,0.025293321181758754,0.029850746268656716,7.560249403428724e-06,0.11165187775260897,0.04411625787516062,0.05206525511975008,moran,0,null
sim_g219,0.005328165322522924,0.06885271822421501,1.3395159586304278e-05,0.007662633670068253,0.014925373134328358,5.333805567966582e-06,0.12009195039107269,0.014367438131377974,0.026973565905412694,moran,0,null
sim_g227,0.005222581959693134,0.07275966348910656,1.3395159586304278e-05,0.02901916159202733,0.014925373134328358,7.137180303034831e-06,0.12617282685972236,0.05003303722763333,0.026973565905412694,moran,0,null
sim_g203,0.004997489050219312,0.08165276389897169,1.3395159586304278e-05,0.026770377824983704,0.03980099502487562,6.2017498537882156e-06,0.14078062741202016,0.04642262050575209,0.0670803286936106,moran,0,null
sim_g278,0.004898425854582769,0.08581686832406532,1.3395159586304278e-05,0.03651907934947285,0.04975124378109453,6.632504894912172e-06,0.14545231919333107,0.06189674466012348,0.08200754469411185,moran,0,null
sim_g282,0.004873820464400392,0.08687537967644787,1.3395159586304278e-05,0.030712075988952092,0.04975124378109453,6.4432531451941895e-06,0.1464191792299683,0.05264927312391787,0.08200754469411185,moran,0,null
sim_g205,0.004491905702140971,0.10457607870685548,1.3395159586304278e-05,0.05650333370308913,0.05970149253731343,7.4989969561467824e-06,0.17237815171459694,0.09162702762663102,0.09629272989889263,moran,0,null
sim_g202,0.004371556026162566,0.11066159419211541,1.3395159586304278e-05,0.06655093677099,0.07960199004975124,7.724119329477056e-06,0.18141244949527116,0.105636407573,0.12568735271013354,moran,0,null
sim_g257,0.004045881813361555,0.12839019721529588,1.3395159586304278e-05,0.06199071657141797,0.0945273631840796,7.828263270161028e-06,0.20397274436706167,0.09945034744077749,0.14542671259089168,moran,0,null
sim_g260,0.004034358279156907,0.1290517100150328,1.3395159586304278e-05,0.08388568370302107,0.10945273631840796,6.660452615839619e-06,0.20397274436706167,0.12839645464748123,0.16336229301254918,moran,0,null
sim_g293,0.004032080637709461,0.12918273809913905,1.3395159586304278e-05,0.09304883534597663,0.1044776119402985,6.632758693884866e-06,0.20397274436706167,0.14098308385754035,0.1582994120307553,moran,0,null
sim_g165,0.003913088059297836,0.13615668224753308,1.3395159586304278e-05,0.07950352639241443,0.08955223880597014,8.40724428065101e-06,0.21273572026089,0.12294359751404293,0.13920037120098985,moran,0,null
sim_g187,0.003665290451256067,0.1514943653367371,1.3395159586304278e-05,0.12012808420981536,0.14427860696517414,8.011094420978386e-06,0.23371269023756566,0.1721314535172787,0.20038695411829743,moran,0,null
sim_g179,0.003658764406213479,0.1519132486544177,1.3395159586304278e-05,0.12106578897381937,0.11940298507462686,8.592236139740398e-06,0.23371269023756566,0.1721314535172787,0.17304780445598097,moran,0,null
sim_g182,0.0035759636609554563,0.15729470176790006,1.3395159586304278e-05,0.09962041141922362,0.09950248756218906,8.182420525778378e-06,0.2395350788343656,0.1501415620922636,0.15229972586049345,moran,0,null
sim_g180,0.0035242709450813373,0.16071714218842947,1.3395159586304278e-05,0.1115400016364253,0.10945273631840796,7.2994715769791645e-06,0.24228714902778312,0.16468729463406057,0.16336229301254918,moran,0,null
sim_g207,0.003511123518699581,0.16159529845453457,1.3395159586304278e-05,0.07904024565478096,0.0845771144278607,7.151429624397954e-06,0.24239294768180186,0.12286048547375279,0.13215174129353235,moran,0,null
sim_g010,0.003448401508164744,0.16582765847226155,1.3395159586304278e-05,0.11987191344450132,0.13432835820895522,7.68553753463447e-06,0.24750396786904708,0.1721314535172787,0.18831078253591851,moran,1,gp
sim_g193,0.00340515611330762,0.16878713132952972,1.3395159586304278e-05,0.10320330760115115,0.1044776119402985,7.0953956504854456e-06,0.25067395742009363,0.1540347874644047,0.1582994120307553,moran,0,null
sim_g274,0.003240715847149853,0.18034806504046919,1.3395159586304278e-05,0.10407624628280598,0.11940298507462686,6.46363023247594e-06,0.26602623655563074,0.1545686825982267,0.17304780445598097,moran,0,null
sim_g218,0.003233064209488172,0.1808978408578289,1.3395159586304278e-05,0.10009437472817573,0.11442786069651742,7.206258981755013e-06,0.26602623655563074,0.1501415620922636,0.16745540589734256,moran,0,null
sim_g086,0.002955830008253966,0.20152106300040917,1.3395159586304278e-05,0.13577212634221192,0.12935323383084577,7.294275881944623e-06,0.29205951159479593,0.18869722658085256,0.1847903340440654,moran,1,stripes
sim_g269,0.002928946835124545,0.2035931644945771,1.3395159586304278e-05,0.1624114651768005,0.16417910447761194,7.702830257612859e-06,0.29364398725179386,0.21699085585528896,0.22286756263929222,moran,0,null
sim_g288,0.0028712133389207878,0.20808586812760899,1.3395159586304278e-05,0.15399246241723175,0.15422885572139303,7.211247354954153e-06,0.29868784898699857,0.20903954174284853,0.21127240509779868,moran,0,null
sim_g261,0.0028324561382194963,0.21113443188234127,1.3395159586304278e-05,0.11581882422369771,0.12935323383084577,5.319124055012065e-06,0.30162061697477327,0.169490962278582,0.1847903340440654,moran,0,null
sim_g188,0.0027321988303508327,0.21914085741378864,1.3395159586304278e-05,0.13586200313821384,0.12935323383084577,6.8097139919065995e-06,0.31010498690630467,0.18869722658085256,0.1847903340440654,moran,0,null
sim_g276,0.0027024173988460585,0.22155237316614573,1.3395159586304278e-05,0.15358504891264535,0.1890547263681592,7.548349197838302e-06,0.312045596008656,0.20903954174284853,0.24446731857951623,moran,0,null
sim_g170,0.0026829741447664517,0.22313491705157562,1.3395159586304278e-05,0.15332605060752735,0.17412935323383086,6.899373608612168e-06,0.31258439633408974,0.20903954174284853,0.230126898546913,moran,0,null
sim_g204,0.0026721486574105193,0.2240188173727643,1.3395159586304278e-05,0.11198736035116119,0.11442786069651742,6.573641698135316e-06,0.31258439633408974,0.16468729463406057,0.16745540589734256,moran,0,null
sim_g214,0.002569818551587772,0.2324716956966033,1.3395159586304278e-05,0.20067429468228237,0.19900497512437812,7.223705254053059e-06,0.3163133697029218,0.2543710842180873,0.2562295817052079,moran,0,null
sim_g298,0.0025684964305296826,0.2325820565314125,1.3395159586304278e-05,0.1687257760566443,0.17412935323383086,6.360321693586217e-06,0.3163133697029218,0.22346664312538386,0.230126898546913,moran,0,null
sim_g297,0.002568312415071514,0.232597419082351,1.3395159586304278e-05,0.15188266323183197,0.1691542288557214,6.161258687123652e-06,0.3163133697029218,0.2090128393098605,0.226545842217484,moran,0,null
sim_g175,0.002559615940334173,0.23332408821024975,1.3395159586304278e-05,0.1258464452879976,0.13432835820895522,6.030074073040312e-06,0.3163133697029218,0.17808459238867586,0.18831078253591851,moran,0,null
sim_g285,0.0025326083599145647,0.23558882699501837,1.3395159586304278e-05,0.15657361258966618,0.17412935323383086,7.396510150636505e-06,0.3168417917026457,0.21158596295900836,0.230126898546913,moran,0,null
sim_g056,0.0024690999626105965,0.24096183754464606,1.3395159586304278e-05,0.17132524425581996,0.1691542288557214,7.632962993164627e-06,0.318451767680149,0.2244435514268384,0.226545842217484,moran,1,stripes
sim_g279,0.0023808559258358462,0.24853688441376232,1.3395159586304278e-05,0.22460635657676764,0.24875621890547264,7.405739365410204e-06,0.325594171721086,0.27843763211995987,0.30336124256764957,moran,0,null
sim_g255,0.0023605230178525348,0.250300115642748,1.3395159586304278e-05,0.18918498467059397,0.208955223880597,6.539712146127679e-06,0.3264784117079322,0.24254485214178714,0.2645002833931608,moran,0,null
sim_g280,0.0022791033033918865,0.25742660556677077,1.3395159586304278e-05,0.1798430521669917,0.18407960199004975,6.6122441326776225e-06,0.3328792313363415,0.23356240541167753,0.24115231701753242,moran,0,null
sim_g206,0.002254134825140549,0.25963297441945454,1.3395159586304278e-05,0.18150374057318952,0.1890547263681592,6.7982706234068795e-06,0.33429138337268827,0.23470311281015888,0.24446731857951623,moran,0,null
sim_g246,0.0022332506901177416,0.2614858946387988,1.3395159586304278e-05,0.19899721268586656,0.21890547263681592,6.796522153801678e-06,0.33523832645999846,0.25403899491812754,0.2724964389669908,moran,0,null
sim_g292,0.0022062241448694638,0.26389383144822254,1.3395159586304278e-05,0.20806678326987438,0.21393034825870647,8.151276123141284e-06,0.33545826031553716,0.26117169448101385,0.26853181789795794,moran,0,null
sim_g195,0.0021576894011132173,0.26824624278950215,1.3395159586304278e-05,0.20634776835078394,0.1890547263681592,7.975627428419388e-06,0.33955220606266096,0.2601022290135932,0.24446731857951623,moran,0,null
sim_g270,0.001972536961161526,0.28517477767626387,1.3395159586304278e-05,0.25484851634493033,0.23880597014925373,6.570003726998449e-06,0.35646847209532984,0.31333833976835695,0.29361389772449226,moran,0,null
sim_g249,0.0018602986902157511,0.2956786842894228,1.3395159586304278e-05,0.26840862163000156,0.2835820895522388,7.492281353771123e-06,0.36503541270299106,0.3233838814819296,0.33759772565742713,moran,0,null
sim_g211,0.0018114232554917484,0.3003076433999896,1.3395159586304278e-05,0.270610527087191,0.2835820895522388,7.203529022726149e-06,0.3692307090983479,0.3247326325046292,0.33759772565742713,moran,0,null
sim_g153,0.0017954818129974285,0.30182449922006627,1.3395159586304278e-05,0.2574352786145111,0.23383084577114427,7.383969721201125e-06,0.36958101945314237,0.31518386419698113,0.2886800565075855,moran,0,null
sim_g250,0.0017564863276773334,0.3055494179253023,1.3395159586304278e-05,0.3241560803289958,0.32338308457711445,7.138860476371236e-06,0.37262124137231994,0.3697597874475237,0.3660940580118277,moran,0,null
sim_g247,0.0017324395225284922,0.30785651884402865,1.3395159586304278e-05,0.2730009177448597,0.27860696517412936,6.543302029137683e-06,0.3733760083865976,0.32629591762333826,0.33432835820895523,moran,0,null
sim_g162,0.0017241094943220335,0.30865750026625405,1.3395159586304278e-05,0.24357741894625873,0.21890547263681592,6.87648064543958e-06,0.3733760083865976,0.3007128628966157,0.2724964389669908,moran,0,null
sim_g273,0.001645022002462379,0.31630719061377977,1.3395159586304278e-05,0.2584507686415245,0.2537313432835821,7.341378765503096e-06,0.3795686287365357,0.31518386419698113,0.30817572058734666,moran,0,null
sim_g265,0.0015268796671798702,0.3278815253475611,1.3395159586304278e-05,0.27574805349962905,0.2935323383084577,7.0670086712325775e-06,0.39033514922328705,0.32806932818030704,0.339998847461534,moran,0,null
sim_g171,0.0014289333960019184,0.33760486534797496,1.3395159586304278e-05,0.3013528038126597,0.2935323383084577,5.6209136247092056e-06,0.39874590395430115,0.34905730171350546,0.339998847461534,moran,0,null
sim_g184,0.0013850568152809102,0.3419964932274747,1.3395159586304278e-05,0.3307003855924784,0.34328358208955223,6.592512984439273e-06,0.3992176963744841,0.3725767965620034,0.38571188998826095,moran,0,null
sim_g241,0.0013455139234904393,0.3459727783598885,1.3395159586304278e-05,0.2845670338718811,0.26865671641791045,7.366340786179549e-06,0.4020182503720775,0.33384868128202516,0.3236827908649524,moran,0,null
sim_g150,0.001334575279763615,0.3470757561545602,1.3395159586304278e-05,0.2766718000987256,0.26865671641791045,6.210832342162021e-06,0.4020182503720775,0.32806932818030704,0.3236827908649524,moran,0,null
sim_g159,0.0012464571140917858,0.35600757637046954,1.3395159586304278e-05,0.339813741734752,0.36318407960199006,7.525924087578538e-06,0.41077797273515715,0.37804787437934795,0.3962008141112619,moran,0,null
sim_g277,0.0011271374102858518,0.36822827119527013,1.3395159586304278e-05,0.34024308694141314,0.3482587064676617,6.857297843343513e-06,0.4207108014502325,0.37804787437934795,0.3898418355981288,moran,0,null
sim_g234,0.0011199860844503817,0.3689651056246769,1.3395159586304278e-05,0.34715437163518414,0.3333333333333333,6.912226643909113e-06,0.4207108014502325,0.38289085106821785,0.37593984962406013,moran,0,null
sim_g240,0.001107764124642678,0.37022550527620457,1.3395159586304278e-05,0.28488420802732817,0.2885572139303483,6.646071748749038e-06,0.4207108014502325,0.33384868128202516,0.339998847461534,moran,0,null
sim_g244,0.001053817468648337,0.375805295631386,1.3395159586304278e-05,0.3450188660013791,0.35323383084577115,7.699387992033091e-06,0.4243029198199298,0.38193970406056726,0.39248203427307904,moran,0,null
sim_g286,0.0010296705430591865,0.37831137008686455,1.3395159586304278e-05,0.36381633628829413,0.36318407960199006,7.18561499533916e-06,0.4243029198199298,0.3951512237380396,0.3962008141112619,moran,0,null
sim_g028,0.0010090234851146942,0.3804582847718704,1.3395159586304278e-05,0.378661392316338,0.3781094527363184,8.342908247418091e-06,0.4243029198199298,0.4086274017802209,0.4109885355829548,moran,1,stripes
sim_g185,0.0009491052056916744,0.38670934475974494,1.3395159586304278e-05,0.3393320175130048,0.35323383084577115,6.3838011923730755e-06,0.428543380022748,0.37804787437934795,0.39248203427307904,moran,0,null
sim_g295,0.0009043013489828028,0.39140295375410983,1.3395159586304278e-05,0.35280827417602034,0.3880597014925373,6.318862833356773e-06,0.428543380022748,0.3862864315795843,0.4187694620423065,moran,0,null
sim_g262,0.0007185726394392608,0.4110215601088021,1.3395159586304278e-05,0.3991023226332774,0.4079601990049751,6.859175310505085e-06,0.4443515463923501,0.4276096313927972,0.4324666420547439,moran,0,null
sim_g296,0.0007115718168489248,0.41176576632357775,1.3395159586304278e-05,0.4326132293520363,0.42786069651741293,7.847044708038705e-06,0.4443515463923501,0.4506387805750378,0.4456882255389718,moran,0,null
sim_g254,0.0006551411577773176,0.4177758686062647,1.3395159586304278e-05,0.45368599847955016,0.42786069651741293,6.523973653944429e-06,0.4484378587989737,0.4598168903508954,0.4456882255389718,moran,0,null
sim_g189,0.0006354938305431575,0.4198729831943213,1.3395159586304278e-05,0.4491297349404696,0.4626865671641791,6.2822727335171365e-06,0.4484378587989737,0.45674210332929116,0.46893908834207343,moran,0,null
sim_g268,0.0006199699141930713,0.42153158727103524,1.3395159586304278e-05,0.448436359618711,0.44776119402985076,6.854856355117692e-06,0.4484378587989737,0.45674210332929116,0.45845856044012023,moran,0,null
sim_g208,0.0005918714458754368,0.42453720357929225,1.3395159586304278e-05,0.40342610890282027,0.39303482587064675,7.295203859856855e-06,0.44921413800953897,0.4307040308571035,0.42110874200426435,moran,0,null
sim_g177,0.0005690595297098888,0.42698057172566717,1.3395159586304278e-05,0.41358507877015005,0.42786069651741293,6.943232623959623e-06,0.44921413800953897,0.43842941212383396,0.4456882255389718,moran,0,null
sim_g156,0.000540252089270642,0.43007011212893276,1.3395159586304278e-05,0.4275546382427905,0.4527363184079602,8.0607602587427e-06,0.44921413800953897,0.4500575139397795,0.4619758351101635,moran,0,null
sim_g299,0.0005361804334309142,0.4305071392002089,1.3395159586304278e-05,0.4431351563772803,0.47761194029850745,7.323717416180904e-06,0.44921413800953897,0.4537220031166692,0.4824363033318257,moran,0,null
sim_g154,0.0005293024613189912,0.4312455724891574,1.3395159586304278e-05,0.38076964580405226,0.39303482587064675,6.218686532993267e-06,0.44921413800953897,0.4094297266710239,0.42110874200426435,moran,0,null
sim_g220,0.0003937180731690519,0.44584803315208366,1.3395159586304278e-05,0.49452057801261984,0.4925373134328358,7.153586743413621e-06,0.4612221032607762,0.49556377328427426,0.494184595417561,moran,0,null
sim_g176,0.00027144753568212,0.45908045927215435,1.3395159586304278e-05,0.43200676500930046,0.4129353233830846,7.008252116783818e-06,0.4700482518144925,0.4506387805750378,0.43619928526382173,moran,0,null
sim_g230,0.00012479841146280935,0.4750099182044687,1.3395159586304278e-05,0.49556377328427426,0.4925373134328358,6.716301612196347e-06,0.48142897115317773,0.49556377328427426,0.494184595417561,moran,0,null
sim_g271,9.420113344288061e-05,0.478339383352382,1.3395159586304278e-05,0.4912970902017413,0.4975124378109453,7.519970132288023e-06,0.4831710942953354,0.49459438610913553,0.4975124378109453,moran,0,null
sim_g258,7.232395706979667e-05,0.4807209050436375,1.3395159586304278e-05,0.4400340042149651,0.4079601990049751,6.59196672831356e-06,0.48394721984258815,0.4537220031166692,0.4324666420547439,moran,0,null
sim_g263,8.202993004833597e-06,0.48770468202737505,1.3395159586304278e-05,0.46276996346565213,0.43781094527363185,6.7342435426243e-06,0.48770468202737505,0.46744440754106276,0.4513514899728163,moran,0,null
sim_g199,-0.00024867627647064214,0.4843008584458642,1.3395159586304278e-05,0.43440196685514904,0.43781094527363185,6.6334101710557445e-06,0.48592059375839214,0.4509362977735111,0.4513514899728163,moran,0,null
sim_g256,-0.00034767843895555986,0.47352479289517013,1.3395159586304278e-05,0.4426025626427837,0.4427860696517413,7.110825752465404e-06,0.48142897115317773,0.4537220031166692,0.4549171948476794,moran,0,null
sim_g231,-0.00039625531209934174,0.4682439434416883,1.3395159586304278e-05,0.431605993777898,0.417910447761194,6.473470514142894e-06,0.47779994228743705,0.4506387805750378,0.4399057344854674,moran,0,null
sim_g259,-0.0005482968938001849,0.4517556287325205,1.3395159586304278e-05,0.3648562965847899,0.36318407960199006,6.74276631677926e-06,0.4641324952731375,0.3951512237380396,0.3962008141112619,moran,0,null
sim_g245,-0.0005784316307111996,0.4484965811533796,1.3395159586304278e-05,0.44213942645570664,0.4626865671641791,7.858875887292022e-06,0.4623676094364738,0.4537220031166692,0.46893908834207343,moran,0,null
sim_g290,-0.0006120327907190265,0.4448667466397531,1.3395159586304278e-05,0.415988217272188,0.40298507462686567,5.636128306708339e-06,0.4612221032607762,0.43942417317484644,0.43023317575821957,moran,0,null
sim_g186,-0.0007490588691887465,0.43011520204606346,1.3395159586304278e-05,0.41165277004279216,0.43283582089552236,6.249203531622039e-06,0.44921413800953897,0.4379284787689279,0.4493105407219955,moran,0,null
sim_g152,-0.0008372077447350577,0.42067550946397214,1.3395159586304278e-05,0.3599387205474759,0.38308457711442784,6.888243146831446e-06,0.4484378587989737,0.39266042241542826,0.41489304380623954,moran,0,null
sim_g212,-0.0009339972640206484,0.41036299311661306,1.3395159586304278e-05,0.331593348940183,0.36318407960199006,7.331291301032442e-06,0.4443515463923501,0.3725767965620034,0.3962008141112619,moran,0,null
sim_g248,-0.0009407983976815924,0.4096405982582854,1.3395159586304278e-05,0.32782320696656314,0.31840796019900497,6.831899951446124e-06,0.4443515463923501,0.37112061166026017,0.3618272274988693,moran,0,null
sim_g155,-0.0011137624378182792,0.3913783792321746,1.3395159586304278e-05,0.310001709855072,0.2935323383084577,6.8174890522154175e-06,0.428543380022748,0.3563238044311173,0.339998847461534,moran,0,null
sim_g221,-0.001117661791235491,0.3909692542575326,1.3395159586304278e-05,0.31875362550447583,0.31840796019900497,6.554677217861029e-06,0.428543380022748,0.36498506737153724,0.3618272274988693,moran,0,null
sim_g238,-0.001130490064853978,0.3896241495035152,1.3395159586304278e-05,0.3257543332042613,0.30845771144278605,6.9202991189193535e-06,0.428543380022748,0.370175378641206,0.35591274397244543,moran,0,null
sim_g232,-0.001220401852344459,0.3802343991810016,1.3395159586304278e-05,0.352477463661844,0.36318407960199006,7.793585468950965e-06,0.4243029198199298,0.3862864315795843,0.3962008141112619,moran,0,null
sim_g267,-0.0012405757520072755,0.3781370214569425,1.3395159586304278e-05,0.3006561381705085,0.31343283582089554,6.709153141590253e-06,0.4243029198199298,0.34905730171350546,0.3588925601002621,moran,0,null
sim_g115,-0.0014118071234970697,0.3604850369122904,1.3395159586304278e-05,0.3068030702039204,0.31343283582089554,6.7712420716496475e-06,0.41435061714056365,0.35400354254298505,0.3588925601002621,moran,1,stripes
sim_g226,-0.0016053076539863616,0.3408910613811812,1.3395159586304278e-05,0.28471405374934,0.2885572139303483,6.755903391288497e-06,0.3992176963744841,0.33384868128202516,0.339998847461534,moran,0,null
sim_g236,-0.0016185503122268046,0.3395649500458414,1.3395159586304278e-05,0.26829452153202116,0.24875621890547264,7.092907049327078e-06,0.3992176963744841,0.3233838814819296,0.30336124256764957,moran,0,null
sim_g281,-0.0016506986452014245,0.3363539164889179,1.3395159586304278e-05,0.2860960228030407,0.2935323383084577,8.414225129895702e-06,0.39874590395430115,0.3339642289529658,0.339998847461534,moran,0,null
sim_g284,-0.0017560764245560286,0.3259130448434663,1.3395159586304278e-05,0.26376612497782753,0.2935323383084577,6.718276601981964e-06,0.38953750379697166,0.32036371454796864,0.339998847461534,moran,0,null
sim_g183,-0.0019104507385573188,0.31086277422142056,1.3395159586304278e-05,0.21112218738123778,0.20398009950248755,6.690216118521971e-06,0.37453346291737416,0.26280770213432086,0.2604001270244522,moran,0,null
sim_g163,-0.0020954814245008778,0.29323383200617725,1.3395159586304278e-05,0.1690897599648738,0.16417910447761194,7.190783315143767e-06,0.3635130148836908,0.22346664312538386,0.22286756263929222,moran,0,null
sim_g192,-0.002168028504146915,0.2864506145726462,1.3395159586304278e-05,0.21066982133195533,0.21393034825870647,6.909490532369561e-06,0.3565775285136675,0.26280770213432086,0.26853181789795794,moran,0,null
sim_g233,-0.0022032115313744606,0.28318800149940543,1.3395159586304278e-05,0.18473487679787542,0.208955223880597,6.140812302271604e-06,0.35546611066870976,0.23785606454662073,0.2645002833931608,moran,0,null
sim_g235,-0.002348637913073147,0.2698946913239438,1.3395159586304278e-05,0.17682817413675,0.20398009950248755,6.929580029583063e-06,0.3402033924251392,0.23064544452619565,0.2604001270244522,moran,0,null
sim_g283,-0.0024285166927065305,0.2627283349170184,1.3395159586304278e-05,0.11832582679378079,0.11442786069651742,5.569074844575394e-06,0.3353978743621512,0.17148670549823303,0.16745540589734256,moran,0,null
sim_g287,-0.002518166740413799,0.2548028987587486,1.3395159586304278e-05,0.20095315653228896,0.22388059701492538,8.362661288893325e-06,0.3309128555308424,0.2543710842180873,0.2775379301837918,moran,0,null
sim_g169,-0.0026315523379287433,0.2449613391038729,1.3395159586304278e-05,0.14533712734916648,0.13432835820895522,6.302400835738023e-06,0.3223175514524644,0.20092690416935458,0.18831078253591851,moran,0,null
sim_g166,-0.0026827967244226775,0.24058150617184848,1.3395159586304278e-05,0.15902646392631536,0.1691542288557214,6.865184795306931e-06,0.318451767680149,0.2139369469860745,0.226545842217484,moran,0,null
sim_g251,-0.0026864580310185073,0.2402702163048726,1.3395159586304278e-05,0.1710686431920862,0.1791044776119403,7.434249620941124e-06,0.318451767680149,0.2244435514268384,0.23566378633150037,moran,0,null
sim_g243,-0.0027301172974454877,0.2365752044713088,1.3395159586304278e-05,0.12991283956575495,0.13432835820895522,5.984442528799658e-06,0.3168417917026457,0.18297583037430276,0.18831078253591851,moran,0,null
sim_g291,-0.0027599090990964854,0.23407189358016212,1.3395159586304278e-05,0.1627431418914667,0.15422885572139303,7.070832714563772e-06,0.3163133697029218,0.21699085585528896,0.21127240509779868,moran,0,null
sim_g228,-0.002764391259752542,0.23369654549326813,1.3395159586304278e-05,0.11700693999066236,0.13930348258706468,5.998527886595769e-06,0.3163133697029218,0.1703984562970811,0.194376952447067,moran,0,null
sim_g229,-0.0028596229849250612,0.2258009146271221,1.3395159586304278e-05,0.12051333096627959,0.11442786069651742,5.911811054907307e-06,0.31361238142655845,0.1721314535172787,0.16745540589734256,moran,0,null
sim_g289,-0.0029584186822156234,0.21777166360747524,1.3395159586304278e-05,0.1313518961523017,0.15422885572139303,7.370406306446912e-06,0.30962795773574675,0.18413817217612385,0.21127240509779868,moran,0,null
sim_g164,-0.0031807654019821207,0.20031615494379573,1.3395159586304278e-05,0.07461025882669464,0.0845771144278607,6.232681043393493e-06,0.29172255574339184,0.11718888820946802,0.13215174129353235,moran,0,null
sim_g225,-0.003206534209102044,0.19834897694216574,1.3395159586304278e-05,0.08707205946028107,0.10945273631840796,6.582284705468683e-06,0.2902667955251206,0.1325970448633722,0.16336229301254918,moran,0,null
sim_g216,-0.0037429083970771217,0.16009050066402541,1.3395159586304278e-05,0.07716584306057166,0.07462686567164178,5.959052353154704e-06,0.24228714902778312,0.12057162978214321,0.11845534233593934,moran,0,null
sim_g151,-0.003789313341856499,0.15702382196304598,1.3395159586304278e-05,0.07997347861129528,0.0945273631840796,7.305843403476003e-06,0.2395350788343656,0.12303612094045427,0.14542671259089168,moran,0,null
sim_g158,-0.004110549420191838,0.1368599800345059,1.3395159586304278e-05,0.06897265626550438,0.05472636815920398,7.485583730486977e-06,0.21273572026089,0.10890419410342797,0.0892277741726152,moran,0,null
sim_g223,-0.004206810432941316,0.13117856780773407,1.3395159586304278e-05,0.06626993859920023,0.07462686567164178,7.405284738568634e-06,0.20603963530010586,0.105636407573,0.11845534233593934,moran,0,null
sim_g201,-0.004243139396031128,0.12907734813509347,1.3395159586304278e-05,0.05777610207078551,0.06965174129353234,7.33882921912391e-06,0.20397274436706167,0.09318726140449277,0.11174076143347435,moran,0,null
sim_g272,-0.004308638481973723,0.1253481852033868,1.3395159586304278e-05,0.04699197517149463,0.04477611940298507,6.622199645448665e-06,0.2021744922635271,0.0774592997332329,0.07504377553572918,moran,0,null
sim_g157,-0.004329770898115392,0.12416122735026724,1.3395159586304278e-05,0.04755802433918021,0.03482587064676617,6.6688054097472195e-06,0.2013425308382712,0.07796397432652494,0.05936227951153324,moran,0,null
sim_g294,-0.004466803594766715,0.11665516578550678,1.3395159586304278e-05,0.04862263110010351,0.04975124378109453,6.811782107774635e-06,0.1901986398676741,0.07927602896756007,0.08200754469411185,moran,0,null
sim_g174,-0.004709261804490535,0.10417394118347817,1.3395159586304278e-05,0.040390816778725844,0.03482587064676617,7.388139668351645e-06,0.17237815171459694,0.06731802796454307,0.05936227951153324,moran,0,null
sim_g275,-0.004757014706109608,0.10183430535731958,1.3395159586304278e-05,0.039265927801936475,0.03980099502487562,6.921140034060892e-06,0.1697238422621993,0.06580881754514493,0.0670803286936106,moran,0,null
sim_g213,-0.0047769734233047345,0.10086785297265283,1.3395159586304278e-05,0.037881435898316655,0.05970149253731343,6.605806260830003e-06,0.16905226755193212,0.06384511668255616,0.09629272989889263,moran,0,null
sim_g181,-0.005134383420638063,0.08467790143245219,1.3395159586304278e-05,0.04072997908278521,0.05472636815920398,8.201544258040139e-06,0.14433733198713442,0.06750825262340089,0.0892277741726152,moran,0,null
sim_g167,-0.0051594730840074255,0.08361920548866741,1.3395159586304278e-05,0.033739042765000414,0.03482587064676617,7.257705034304245e-06,0.14334720940914414,0.05750973198579616,0.05936227951153324,moran,0,null
sim_g172,-0.00563123715894233,0.06551771881433044,1.3395159586304278e-05,0.010055680380889316,0.014925373134328358,6.208656333770681e-06,0.11494336634093061,0.018621630334980214,0.026973565905412694,moran,0,null
sim_g222,-0.005689107436115337,0.06352447061605518,1.3395159586304278e-05,0.016683379446399083,0.01990049751243781,6.9955063433133006e-06,0.11210200696950914,0.02967520376717793,0.0355366027007818,moran,0,null
sim_g197,-0.005721628606924868,0.0624252263765362,1.3395159586304278e-05,0.023007443281840855,0.024875621890547265,7.724571168354364e-06,0.11147361852952892,0.04036393558217694,0.04389815627743635,moran,0,null
sim_g215,-0.005751461177884976,0.061429955289501285,1.3395159586304278e-05,0.016717031455510234,0.024875621890547265,6.801331778481355e-06,0.1103532130949125,0.02967520376717793,0.04389815627743635,moran,0,null
sim_g178,-0.007060832255040383,0.028674756741869124,1.3395159586304278e-05,0.0016423542294190176,0.009950248756218905,6.061884280782598e-06,0.05514376296513293,0.0032203024106255244,0.018656716417910446,moran,0,null
sim_g173,-0.007229544492775039,0.02578328828739649,1.3395159586304278e-05,0.0009584981130586435,0.009950248756218905,5.503049400525914e-06,0.05022718497544771,0.0019043008868714773,0.018656716417910446,moran,0,null
sim_g168,-0.008078655420594652,0.014675650057289182,1.3395159586304278e-05,0.0012538082892131891,0.009950248756218905,7.2436169409960206e-06,0.028965098797281277,0.0024746216234470837,0.018656716417910446,moran,0,null
sim_g160,-0.008995219199587352,0.007566776020113422,1.3395159586304278e-05,5.209340790510505e-05,0.004975124378109453,5.463543137345395e-06,0.0154424000410478,0.00010963032114683293,0.009819324430479183,moran,0,null
